Shot Number,Secondary Electron Number,Anode ID,Electrons in wire,Gas amplification  coefficient
,,,,1
5,1,0,0
5,1,1,1
5,1,2,0
5,1,3,0
5,1,4,0
5,1,5,0
5,1,6,0
5,1,7,0
5,1,8,0
5,1,9,0
5,1,10,0
5,1,11,0
5,1,12,0
5,1,13,0
5,1,14,0
5,1,15,0
5,1,16,0
5,1,17,0
5,1,18,0
5,1,19,0
5,1,20,0
5,1,21,0
5,1,22,0
5,1,23,0
5,1,24,0
5,1,25,0
5,1,26,0
5,1,27,0
5,1,28,0
5,1,29,0
5,1,30,0
5,1,31,0
5,1,32,0
5,1,33,0
5,1,34,0
5,1,35,0
5,1,36,0
5,1,37,0
5,1,38,0
5,1,39,0
5,1,40,0
5,1,41,0
5,1,42,0
5,1,43,0
5,1,44,0
5,1,45,0
5,1,46,0
5,1,47,0
5,1,48,0
5,1,49,0
5,1,50,0
5,1,51,0
5,1,52,0
5,1,53,0
5,1,54,0
5,1,55,0
5,1,56,0
5,1,57,0
5,1,58,0
5,1,59,0
5,1,60,0
5,1,61,0
5,1,62,0
5,1,63,0
,,,,1
5,2,0,0
5,2,1,2
5,2,2,0
5,2,3,0
5,2,4,0
5,2,5,0
5,2,6,0
5,2,7,0
5,2,8,0
5,2,9,0
5,2,10,0
5,2,11,0
5,2,12,0
5,2,13,0
5,2,14,0
5,2,15,0
5,2,16,0
5,2,17,0
5,2,18,0
5,2,19,0
5,2,20,0
5,2,21,0
5,2,22,0
5,2,23,0
5,2,24,0
5,2,25,0
5,2,26,0
5,2,27,0
5,2,28,0
5,2,29,0
5,2,30,0
5,2,31,0
5,2,32,0
5,2,33,0
5,2,34,0
5,2,35,0
5,2,36,0
5,2,37,0
5,2,38,0
5,2,39,0
5,2,40,0
5,2,41,0
5,2,42,0
5,2,43,0
5,2,44,0
5,2,45,0
5,2,46,0
5,2,47,0
5,2,48,0
5,2,49,0
5,2,50,0
5,2,51,0
5,2,52,0
5,2,53,0
5,2,54,0
5,2,55,0
5,2,56,0
5,2,57,0
5,2,58,0
5,2,59,0
5,2,60,0
5,2,61,0
5,2,62,0
5,2,63,0
Shot Number,Secondary Electron Number,Anode ID,Electrons in wire,Gas amplification  coefficient
,,,,1
7,1,0,0
7,1,1,0
7,1,2,1
7,1,3,0
7,1,4,0
7,1,5,0
7,1,6,0
7,1,7,0
7,1,8,0
7,1,9,0
7,1,10,0
7,1,11,0
7,1,12,0
7,1,13,0
7,1,14,0
7,1,15,0
7,1,16,0
7,1,17,0
7,1,18,0
7,1,19,0
7,1,20,0
7,1,21,0
7,1,22,0
7,1,23,0
7,1,24,0
7,1,25,0
7,1,26,0
7,1,27,0
7,1,28,0
7,1,29,0
7,1,30,0
7,1,31,0
7,1,32,0
7,1,33,0
7,1,34,0
7,1,35,0
7,1,36,0
7,1,37,0
7,1,38,0
7,1,39,0
7,1,40,0
7,1,41,0
7,1,42,0
7,1,43,0
7,1,44,0
7,1,45,0
7,1,46,0
7,1,47,0
7,1,48,0
7,1,49,0
7,1,50,0
7,1,51,0
7,1,52,0
7,1,53,0
7,1,54,0
7,1,55,0
7,1,56,0
7,1,57,0
7,1,58,0
7,1,59,0
7,1,60,0
7,1,61,0
7,1,62,0
7,1,63,0
,,,,1
7,2,0,0
7,2,1,0
7,2,2,1
7,2,3,1
7,2,4,0
7,2,5,0
7,2,6,0
7,2,7,0
7,2,8,0
7,2,9,0
7,2,10,0
7,2,11,0
7,2,12,0
7,2,13,0
7,2,14,0
7,2,15,0
7,2,16,0
7,2,17,0
7,2,18,0
7,2,19,0
7,2,20,0
7,2,21,0
7,2,22,0
7,2,23,0
7,2,24,0
7,2,25,0
7,2,26,0
7,2,27,0
7,2,28,0
7,2,29,0
7,2,30,0
7,2,31,0
7,2,32,0
7,2,33,0
7,2,34,0
7,2,35,0
7,2,36,0
7,2,37,0
7,2,38,0
7,2,39,0
7,2,40,0
7,2,41,0
7,2,42,0
7,2,43,0
7,2,44,0
7,2,45,0
7,2,46,0
7,2,47,0
7,2,48,0
7,2,49,0
7,2,50,0
7,2,51,0
7,2,52,0
7,2,53,0
7,2,54,0
7,2,55,0
7,2,56,0
7,2,57,0
7,2,58,0
7,2,59,0
7,2,60,0
7,2,61,0
7,2,62,0
7,2,63,0
Shot Number,Secondary Electron Number,Anode ID,Electrons in wire,Gas amplification  coefficient
,,,,1
9,1,0,0
9,1,1,0
9,1,2,0
9,1,3,0
9,1,4,1
9,1,5,0
9,1,6,0
9,1,7,0
9,1,8,0
9,1,9,0
9,1,10,0
9,1,11,0
9,1,12,0
9,1,13,0
9,1,14,0
9,1,15,0
9,1,16,0
9,1,17,0
9,1,18,0
9,1,19,0
9,1,20,0
9,1,21,0
9,1,22,0
9,1,23,0
9,1,24,0
9,1,25,0
9,1,26,0
9,1,27,0
9,1,28,0
9,1,29,0
9,1,30,0
9,1,31,0
9,1,32,0
9,1,33,0
9,1,34,0
9,1,35,0
9,1,36,0
9,1,37,0
9,1,38,0
9,1,39,0
9,1,40,0
9,1,41,0
9,1,42,0
9,1,43,0
9,1,44,0
9,1,45,0
9,1,46,0
9,1,47,0
9,1,48,0
9,1,49,0
9,1,50,0
9,1,51,0
9,1,52,0
9,1,53,0
9,1,54,0
9,1,55,0
9,1,56,0
9,1,57,0
9,1,58,0
9,1,59,0
9,1,60,0
9,1,61,0
9,1,62,0
9,1,63,0
,,,,1
9,2,0,0
9,2,1,0
9,2,2,0
9,2,3,0
9,2,4,2
9,2,5,0
9,2,6,0
9,2,7,0
9,2,8,0
9,2,9,0
9,2,10,0
9,2,11,0
9,2,12,0
9,2,13,0
9,2,14,0
9,2,15,0
9,2,16,0
9,2,17,0
9,2,18,0
9,2,19,0
9,2,20,0
9,2,21,0
9,2,22,0
9,2,23,0
9,2,24,0
9,2,25,0
9,2,26,0
9,2,27,0
9,2,28,0
9,2,29,0
9,2,30,0
9,2,31,0
9,2,32,0
9,2,33,0
9,2,34,0
9,2,35,0
9,2,36,0
9,2,37,0
9,2,38,0
9,2,39,0
9,2,40,0
9,2,41,0
9,2,42,0
9,2,43,0
9,2,44,0
9,2,45,0
9,2,46,0
9,2,47,0
9,2,48,0
9,2,49,0
9,2,50,0
9,2,51,0
9,2,52,0
9,2,53,0
9,2,54,0
9,2,55,0
9,2,56,0
9,2,57,0
9,2,58,0
9,2,59,0
9,2,60,0
9,2,61,0
9,2,62,0
9,2,63,0
Shot Number,Secondary Electron Number,Anode ID,Electrons in wire,Gas amplification  coefficient
,,,,1
29,1,0,0
29,1,1,0
29,1,2,1
29,1,3,0
29,1,4,0
29,1,5,0
29,1,6,0
29,1,7,0
29,1,8,0
29,1,9,0
29,1,10,0
29,1,11,0
29,1,12,0
29,1,13,0
29,1,14,0
29,1,15,0
29,1,16,0
29,1,17,0
29,1,18,0
29,1,19,0
29,1,20,0
29,1,21,0
29,1,22,0
29,1,23,0
29,1,24,0
29,1,25,0
29,1,26,0
29,1,27,0
29,1,28,0
29,1,29,0
29,1,30,0
29,1,31,0
29,1,32,0
29,1,33,0
29,1,34,0
29,1,35,0
29,1,36,0
29,1,37,0
29,1,38,0
29,1,39,0
29,1,40,0
29,1,41,0
29,1,42,0
29,1,43,0
29,1,44,0
29,1,45,0
29,1,46,0
29,1,47,0
29,1,48,0
29,1,49,0
29,1,50,0
29,1,51,0
29,1,52,0
29,1,53,0
29,1,54,0
29,1,55,0
29,1,56,0
29,1,57,0
29,1,58,0
29,1,59,0
29,1,60,0
29,1,61,0
29,1,62,0
29,1,63,0
,,,,1
29,2,0,0
29,2,1,0
29,2,2,2
29,2,3,0
29,2,4,0
29,2,5,0
29,2,6,0
29,2,7,0
29,2,8,0
29,2,9,0
29,2,10,0
29,2,11,0
29,2,12,0
29,2,13,0
29,2,14,0
29,2,15,0
29,2,16,0
29,2,17,0
29,2,18,0
29,2,19,0
29,2,20,0
29,2,21,0
29,2,22,0
29,2,23,0
29,2,24,0
29,2,25,0
29,2,26,0
29,2,27,0
29,2,28,0
29,2,29,0
29,2,30,0
29,2,31,0
29,2,32,0
29,2,33,0
29,2,34,0
29,2,35,0
29,2,36,0
29,2,37,0
29,2,38,0
29,2,39,0
29,2,40,0
29,2,41,0
29,2,42,0
29,2,43,0
29,2,44,0
29,2,45,0
29,2,46,0
29,2,47,0
29,2,48,0
29,2,49,0
29,2,50,0
29,2,51,0
29,2,52,0
29,2,53,0
29,2,54,0
29,2,55,0
29,2,56,0
29,2,57,0
29,2,58,0
29,2,59,0
29,2,60,0
29,2,61,0
29,2,62,0
29,2,63,0
Shot Number,Secondary Electron Number,Anode ID,Electrons in wire,Gas amplification  coefficient
,,,,1
36,1,0,0
36,1,1,0
36,1,2,0
36,1,3,1
36,1,4,0
36,1,5,0
36,1,6,0
36,1,7,0
36,1,8,0
36,1,9,0
36,1,10,0
36,1,11,0
36,1,12,0
36,1,13,0
36,1,14,0
36,1,15,0
36,1,16,0
36,1,17,0
36,1,18,0
36,1,19,0
36,1,20,0
36,1,21,0
36,1,22,0
36,1,23,0
36,1,24,0
36,1,25,0
36,1,26,0
36,1,27,0
36,1,28,0
36,1,29,0
36,1,30,0
36,1,31,0
36,1,32,0
36,1,33,0
36,1,34,0
36,1,35,0
36,1,36,0
36,1,37,0
36,1,38,0
36,1,39,0
36,1,40,0
36,1,41,0
36,1,42,0
36,1,43,0
36,1,44,0
36,1,45,0
36,1,46,0
36,1,47,0
36,1,48,0
36,1,49,0
36,1,50,0
36,1,51,0
36,1,52,0
36,1,53,0
36,1,54,0
36,1,55,0
36,1,56,0
36,1,57,0
36,1,58,0
36,1,59,0
36,1,60,0
36,1,61,0
36,1,62,0
36,1,63,0
,,,,1
36,2,0,0
36,2,1,0
36,2,2,1
36,2,3,1
36,2,4,0
36,2,5,0
36,2,6,0
36,2,7,0
36,2,8,0
36,2,9,0
36,2,10,0
36,2,11,0
36,2,12,0
36,2,13,0
36,2,14,0
36,2,15,0
36,2,16,0
36,2,17,0
36,2,18,0
36,2,19,0
36,2,20,0
36,2,21,0
36,2,22,0
36,2,23,0
36,2,24,0
36,2,25,0
36,2,26,0
36,2,27,0
36,2,28,0
36,2,29,0
36,2,30,0
36,2,31,0
36,2,32,0
36,2,33,0
36,2,34,0
36,2,35,0
36,2,36,0
36,2,37,0
36,2,38,0
36,2,39,0
36,2,40,0
36,2,41,0
36,2,42,0
36,2,43,0
36,2,44,0
36,2,45,0
36,2,46,0
36,2,47,0
36,2,48,0
36,2,49,0
36,2,50,0
36,2,51,0
36,2,52,0
36,2,53,0
36,2,54,0
36,2,55,0
36,2,56,0
36,2,57,0
36,2,58,0
36,2,59,0
36,2,60,0
36,2,61,0
36,2,62,0
36,2,63,0
Shot Number,Secondary Electron Number,Anode ID,Electrons in wire,Gas amplification  coefficient
,,,,1
64,1,0,0
64,1,1,0
64,1,2,0
64,1,3,0
64,1,4,1
64,1,5,0
64,1,6,0
64,1,7,0
64,1,8,0
64,1,9,0
64,1,10,0
64,1,11,0
64,1,12,0
64,1,13,0
64,1,14,0
64,1,15,0
64,1,16,0
64,1,17,0
64,1,18,0
64,1,19,0
64,1,20,0
64,1,21,0
64,1,22,0
64,1,23,0
64,1,24,0
64,1,25,0
64,1,26,0
64,1,27,0
64,1,28,0
64,1,29,0
64,1,30,0
64,1,31,0
64,1,32,0
64,1,33,0
64,1,34,0
64,1,35,0
64,1,36,0
64,1,37,0
64,1,38,0
64,1,39,0
64,1,40,0
64,1,41,0
64,1,42,0
64,1,43,0
64,1,44,0
64,1,45,0
64,1,46,0
64,1,47,0
64,1,48,0
64,1,49,0
64,1,50,0
64,1,51,0
64,1,52,0
64,1,53,0
64,1,54,0
64,1,55,0
64,1,56,0
64,1,57,0
64,1,58,0
64,1,59,0
64,1,60,0
64,1,61,0
64,1,62,0
64,1,63,0
,,,,1
64,2,0,0
64,2,1,0
64,2,2,0
64,2,3,0
64,2,4,2
64,2,5,0
64,2,6,0
64,2,7,0
64,2,8,0
64,2,9,0
64,2,10,0
64,2,11,0
64,2,12,0
64,2,13,0
64,2,14,0
64,2,15,0
64,2,16,0
64,2,17,0
64,2,18,0
64,2,19,0
64,2,20,0
64,2,21,0
64,2,22,0
64,2,23,0
64,2,24,0
64,2,25,0
64,2,26,0
64,2,27,0
64,2,28,0
64,2,29,0
64,2,30,0
64,2,31,0
64,2,32,0
64,2,33,0
64,2,34,0
64,2,35,0
64,2,36,0
64,2,37,0
64,2,38,0
64,2,39,0
64,2,40,0
64,2,41,0
64,2,42,0
64,2,43,0
64,2,44,0
64,2,45,0
64,2,46,0
64,2,47,0
64,2,48,0
64,2,49,0
64,2,50,0
64,2,51,0
64,2,52,0
64,2,53,0
64,2,54,0
64,2,55,0
64,2,56,0
64,2,57,0
64,2,58,0
64,2,59,0
64,2,60,0
64,2,61,0
64,2,62,0
64,2,63,0
Shot Number,Secondary Electron Number,Anode ID,Electrons in wire,Gas amplification  coefficient
,,,,1
72,1,0,0
72,1,1,0
72,1,2,1
72,1,3,0
72,1,4,0
72,1,5,0
72,1,6,0
72,1,7,0
72,1,8,0
72,1,9,0
72,1,10,0
72,1,11,0
72,1,12,0
72,1,13,0
72,1,14,0
72,1,15,0
72,1,16,0
72,1,17,0
72,1,18,0
72,1,19,0
72,1,20,0
72,1,21,0
72,1,22,0
72,1,23,0
72,1,24,0
72,1,25,0
72,1,26,0
72,1,27,0
72,1,28,0
72,1,29,0
72,1,30,0
72,1,31,0
72,1,32,0
72,1,33,0
72,1,34,0
72,1,35,0
72,1,36,0
72,1,37,0
72,1,38,0
72,1,39,0
72,1,40,0
72,1,41,0
72,1,42,0
72,1,43,0
72,1,44,0
72,1,45,0
72,1,46,0
72,1,47,0
72,1,48,0
72,1,49,0
72,1,50,0
72,1,51,0
72,1,52,0
72,1,53,0
72,1,54,0
72,1,55,0
72,1,56,0
72,1,57,0
72,1,58,0
72,1,59,0
72,1,60,0
72,1,61,0
72,1,62,0
72,1,63,0
,,,,1
72,2,0,0
72,2,1,0
72,2,2,2
72,2,3,0
72,2,4,0
72,2,5,0
72,2,6,0
72,2,7,0
72,2,8,0
72,2,9,0
72,2,10,0
72,2,11,0
72,2,12,0
72,2,13,0
72,2,14,0
72,2,15,0
72,2,16,0
72,2,17,0
72,2,18,0
72,2,19,0
72,2,20,0
72,2,21,0
72,2,22,0
72,2,23,0
72,2,24,0
72,2,25,0
72,2,26,0
72,2,27,0
72,2,28,0
72,2,29,0
72,2,30,0
72,2,31,0
72,2,32,0
72,2,33,0
72,2,34,0
72,2,35,0
72,2,36,0
72,2,37,0
72,2,38,0
72,2,39,0
72,2,40,0
72,2,41,0
72,2,42,0
72,2,43,0
72,2,44,0
72,2,45,0
72,2,46,0
72,2,47,0
72,2,48,0
72,2,49,0
72,2,50,0
72,2,51,0
72,2,52,0
72,2,53,0
72,2,54,0
72,2,55,0
72,2,56,0
72,2,57,0
72,2,58,0
72,2,59,0
72,2,60,0
72,2,61,0
72,2,62,0
72,2,63,0
Shot Number,Secondary Electron Number,Anode ID,Electrons in wire,Gas amplification  coefficient
,,,,1
85,1,0,0
85,1,1,1
85,1,2,0
85,1,3,0
85,1,4,0
85,1,5,0
85,1,6,0
85,1,7,0
85,1,8,0
85,1,9,0
85,1,10,0
85,1,11,0
85,1,12,0
85,1,13,0
85,1,14,0
85,1,15,0
85,1,16,0
85,1,17,0
85,1,18,0
85,1,19,0
85,1,20,0
85,1,21,0
85,1,22,0
85,1,23,0
85,1,24,0
85,1,25,0
85,1,26,0
85,1,27,0
85,1,28,0
85,1,29,0
85,1,30,0
85,1,31,0
85,1,32,0
85,1,33,0
85,1,34,0
85,1,35,0
85,1,36,0
85,1,37,0
85,1,38,0
85,1,39,0
85,1,40,0
85,1,41,0
85,1,42,0
85,1,43,0
85,1,44,0
85,1,45,0
85,1,46,0
85,1,47,0
85,1,48,0
85,1,49,0
85,1,50,0
85,1,51,0
85,1,52,0
85,1,53,0
85,1,54,0
85,1,55,0
85,1,56,0
85,1,57,0
85,1,58,0
85,1,59,0
85,1,60,0
85,1,61,0
85,1,62,0
85,1,63,0
,,,,1
85,2,0,0
85,2,1,2
85,2,2,0
85,2,3,0
85,2,4,0
85,2,5,0
85,2,6,0
85,2,7,0
85,2,8,0
85,2,9,0
85,2,10,0
85,2,11,0
85,2,12,0
85,2,13,0
85,2,14,0
85,2,15,0
85,2,16,0
85,2,17,0
85,2,18,0
85,2,19,0
85,2,20,0
85,2,21,0
85,2,22,0
85,2,23,0
85,2,24,0
85,2,25,0
85,2,26,0
85,2,27,0
85,2,28,0
85,2,29,0
85,2,30,0
85,2,31,0
85,2,32,0
85,2,33,0
85,2,34,0
85,2,35,0
85,2,36,0
85,2,37,0
85,2,38,0
85,2,39,0
85,2,40,0
85,2,41,0
85,2,42,0
85,2,43,0
85,2,44,0
85,2,45,0
85,2,46,0
85,2,47,0
85,2,48,0
85,2,49,0
85,2,50,0
85,2,51,0
85,2,52,0
85,2,53,0
85,2,54,0
85,2,55,0
85,2,56,0
85,2,57,0
85,2,58,0
85,2,59,0
85,2,60,0
85,2,61,0
85,2,62,0
85,2,63,0
Shot Number,Secondary Electron Number,Anode ID,Electrons in wire,Gas amplification  coefficient
,,,,1
94,1,0,0
94,1,1,1
94,1,2,0
94,1,3,0
94,1,4,0
94,1,5,0
94,1,6,0
94,1,7,0
94,1,8,0
94,1,9,0
94,1,10,0
94,1,11,0
94,1,12,0
94,1,13,0
94,1,14,0
94,1,15,0
94,1,16,0
94,1,17,0
94,1,18,0
94,1,19,0
94,1,20,0
94,1,21,0
94,1,22,0
94,1,23,0
94,1,24,0
94,1,25,0
94,1,26,0
94,1,27,0
94,1,28,0
94,1,29,0
94,1,30,0
94,1,31,0
94,1,32,0
94,1,33,0
94,1,34,0
94,1,35,0
94,1,36,0
94,1,37,0
94,1,38,0
94,1,39,0
94,1,40,0
94,1,41,0
94,1,42,0
94,1,43,0
94,1,44,0
94,1,45,0
94,1,46,0
94,1,47,0
94,1,48,0
94,1,49,0
94,1,50,0
94,1,51,0
94,1,52,0
94,1,53,0
94,1,54,0
94,1,55,0
94,1,56,0
94,1,57,0
94,1,58,0
94,1,59,0
94,1,60,0
94,1,61,0
94,1,62,0
94,1,63,0
,,,,1
94,2,0,0
94,2,1,2
94,2,2,0
94,2,3,0
94,2,4,0
94,2,5,0
94,2,6,0
94,2,7,0
94,2,8,0
94,2,9,0
94,2,10,0
94,2,11,0
94,2,12,0
94,2,13,0
94,2,14,0
94,2,15,0
94,2,16,0
94,2,17,0
94,2,18,0
94,2,19,0
94,2,20,0
94,2,21,0
94,2,22,0
94,2,23,0
94,2,24,0
94,2,25,0
94,2,26,0
94,2,27,0
94,2,28,0
94,2,29,0
94,2,30,0
94,2,31,0
94,2,32,0
94,2,33,0
94,2,34,0
94,2,35,0
94,2,36,0
94,2,37,0
94,2,38,0
94,2,39,0
94,2,40,0
94,2,41,0
94,2,42,0
94,2,43,0
94,2,44,0
94,2,45,0
94,2,46,0
94,2,47,0
94,2,48,0
94,2,49,0
94,2,50,0
94,2,51,0
94,2,52,0
94,2,53,0
94,2,54,0
94,2,55,0
94,2,56,0
94,2,57,0
94,2,58,0
94,2,59,0
94,2,60,0
94,2,61,0
94,2,62,0
94,2,63,0
Shot Number,Secondary Electron Number,Anode ID,Electrons in wire,Gas amplification  coefficient
,,,,1
118,1,0,0
118,1,1,0
118,1,2,0
118,1,3,0
118,1,4,0
118,1,5,1
118,1,6,0
118,1,7,0
118,1,8,0
118,1,9,0
118,1,10,0
118,1,11,0
118,1,12,0
118,1,13,0
118,1,14,0
118,1,15,0
118,1,16,0
118,1,17,0
118,1,18,0
118,1,19,0
118,1,20,0
118,1,21,0
118,1,22,0
118,1,23,0
118,1,24,0
118,1,25,0
118,1,26,0
118,1,27,0
118,1,28,0
118,1,29,0
118,1,30,0
118,1,31,0
118,1,32,0
118,1,33,0
118,1,34,0
118,1,35,0
118,1,36,0
118,1,37,0
118,1,38,0
118,1,39,0
118,1,40,0
118,1,41,0
118,1,42,0
118,1,43,0
118,1,44,0
118,1,45,0
118,1,46,0
118,1,47,0
118,1,48,0
118,1,49,0
118,1,50,0
118,1,51,0
118,1,52,0
118,1,53,0
118,1,54,0
118,1,55,0
118,1,56,0
118,1,57,0
118,1,58,0
118,1,59,0
118,1,60,0
118,1,61,0
118,1,62,0
118,1,63,0
,,,,1
118,2,0,0
118,2,1,0
118,2,2,0
118,2,3,0
118,2,4,0
118,2,5,2
118,2,6,0
118,2,7,0
118,2,8,0
118,2,9,0
118,2,10,0
118,2,11,0
118,2,12,0
118,2,13,0
118,2,14,0
118,2,15,0
118,2,16,0
118,2,17,0
118,2,18,0
118,2,19,0
118,2,20,0
118,2,21,0
118,2,22,0
118,2,23,0
118,2,24,0
118,2,25,0
118,2,26,0
118,2,27,0
118,2,28,0
118,2,29,0
118,2,30,0
118,2,31,0
118,2,32,0
118,2,33,0
118,2,34,0
118,2,35,0
118,2,36,0
118,2,37,0
118,2,38,0
118,2,39,0
118,2,40,0
118,2,41,0
118,2,42,0
118,2,43,0
118,2,44,0
118,2,45,0
118,2,46,0
118,2,47,0
118,2,48,0
118,2,49,0
118,2,50,0
118,2,51,0
118,2,52,0
118,2,53,0
118,2,54,0
118,2,55,0
118,2,56,0
118,2,57,0
118,2,58,0
118,2,59,0
118,2,60,0
118,2,61,0
118,2,62,0
118,2,63,0
Shot Number,Secondary Electron Number,Anode ID,Electrons in wire,Gas amplification  coefficient
,,,,1
123,1,0,1
123,1,1,0
123,1,2,0
123,1,3,0
123,1,4,0
123,1,5,0
123,1,6,0
123,1,7,0
123,1,8,0
123,1,9,0
123,1,10,0
123,1,11,0
123,1,12,0
123,1,13,0
123,1,14,0
123,1,15,0
123,1,16,0
123,1,17,0
123,1,18,0
123,1,19,0
123,1,20,0
123,1,21,0
123,1,22,0
123,1,23,0
123,1,24,0
123,1,25,0
123,1,26,0
123,1,27,0
123,1,28,0
123,1,29,0
123,1,30,0
123,1,31,0
123,1,32,0
123,1,33,0
123,1,34,0
123,1,35,0
123,1,36,0
123,1,37,0
123,1,38,0
123,1,39,0
123,1,40,0
123,1,41,0
123,1,42,0
123,1,43,0
123,1,44,0
123,1,45,0
123,1,46,0
123,1,47,0
123,1,48,0
123,1,49,0
123,1,50,0
123,1,51,0
123,1,52,0
123,1,53,0
123,1,54,0
123,1,55,0
123,1,56,0
123,1,57,0
123,1,58,0
123,1,59,0
123,1,60,0
123,1,61,0
123,1,62,0
123,1,63,0
,,,,1
123,2,0,2
123,2,1,0
123,2,2,0
123,2,3,0
123,2,4,0
123,2,5,0
123,2,6,0
123,2,7,0
123,2,8,0
123,2,9,0
123,2,10,0
123,2,11,0
123,2,12,0
123,2,13,0
123,2,14,0
123,2,15,0
123,2,16,0
123,2,17,0
123,2,18,0
123,2,19,0
123,2,20,0
123,2,21,0
123,2,22,0
123,2,23,0
123,2,24,0
123,2,25,0
123,2,26,0
123,2,27,0
123,2,28,0
123,2,29,0
123,2,30,0
123,2,31,0
123,2,32,0
123,2,33,0
123,2,34,0
123,2,35,0
123,2,36,0
123,2,37,0
123,2,38,0
123,2,39,0
123,2,40,0
123,2,41,0
123,2,42,0
123,2,43,0
123,2,44,0
123,2,45,0
123,2,46,0
123,2,47,0
123,2,48,0
123,2,49,0
123,2,50,0
123,2,51,0
123,2,52,0
123,2,53,0
123,2,54,0
123,2,55,0
123,2,56,0
123,2,57,0
123,2,58,0
123,2,59,0
123,2,60,0
123,2,61,0
123,2,62,0
123,2,63,0
Shot Number,Secondary Electron Number,Anode ID,Electrons in wire,Gas amplification  coefficient
,,,,1
145,1,0,0
145,1,1,0
145,1,2,1
145,1,3,0
145,1,4,0
145,1,5,0
145,1,6,0
145,1,7,0
145,1,8,0
145,1,9,0
145,1,10,0
145,1,11,0
145,1,12,0
145,1,13,0
145,1,14,0
145,1,15,0
145,1,16,0
145,1,17,0
145,1,18,0
145,1,19,0
145,1,20,0
145,1,21,0
145,1,22,0
145,1,23,0
145,1,24,0
145,1,25,0
145,1,26,0
145,1,27,0
145,1,28,0
145,1,29,0
145,1,30,0
145,1,31,0
145,1,32,0
145,1,33,0
145,1,34,0
145,1,35,0
145,1,36,0
145,1,37,0
145,1,38,0
145,1,39,0
145,1,40,0
145,1,41,0
145,1,42,0
145,1,43,0
145,1,44,0
145,1,45,0
145,1,46,0
145,1,47,0
145,1,48,0
145,1,49,0
145,1,50,0
145,1,51,0
145,1,52,0
145,1,53,0
145,1,54,0
145,1,55,0
145,1,56,0
145,1,57,0
145,1,58,0
145,1,59,0
145,1,60,0
145,1,61,0
145,1,62,0
145,1,63,0
,,,,1
145,2,0,0
145,2,1,0
145,2,2,2
145,2,3,0
145,2,4,0
145,2,5,0
145,2,6,0
145,2,7,0
145,2,8,0
145,2,9,0
145,2,10,0
145,2,11,0
145,2,12,0
145,2,13,0
145,2,14,0
145,2,15,0
145,2,16,0
145,2,17,0
145,2,18,0
145,2,19,0
145,2,20,0
145,2,21,0
145,2,22,0
145,2,23,0
145,2,24,0
145,2,25,0
145,2,26,0
145,2,27,0
145,2,28,0
145,2,29,0
145,2,30,0
145,2,31,0
145,2,32,0
145,2,33,0
145,2,34,0
145,2,35,0
145,2,36,0
145,2,37,0
145,2,38,0
145,2,39,0
145,2,40,0
145,2,41,0
145,2,42,0
145,2,43,0
145,2,44,0
145,2,45,0
145,2,46,0
145,2,47,0
145,2,48,0
145,2,49,0
145,2,50,0
145,2,51,0
145,2,52,0
145,2,53,0
145,2,54,0
145,2,55,0
145,2,56,0
145,2,57,0
145,2,58,0
145,2,59,0
145,2,60,0
145,2,61,0
145,2,62,0
145,2,63,0
Shot Number,Secondary Electron Number,Anode ID,Electrons in wire,Gas amplification  coefficient
,,,,1
151,1,0,0
151,1,1,1
151,1,2,0
151,1,3,0
151,1,4,0
151,1,5,0
151,1,6,0
151,1,7,0
151,1,8,0
151,1,9,0
151,1,10,0
151,1,11,0
151,1,12,0
151,1,13,0
151,1,14,0
151,1,15,0
151,1,16,0
151,1,17,0
151,1,18,0
151,1,19,0
151,1,20,0
151,1,21,0
151,1,22,0
151,1,23,0
151,1,24,0
151,1,25,0
151,1,26,0
151,1,27,0
151,1,28,0
151,1,29,0
151,1,30,0
151,1,31,0
151,1,32,0
151,1,33,0
151,1,34,0
151,1,35,0
151,1,36,0
151,1,37,0
151,1,38,0
151,1,39,0
151,1,40,0
151,1,41,0
151,1,42,0
151,1,43,0
151,1,44,0
151,1,45,0
151,1,46,0
151,1,47,0
151,1,48,0
151,1,49,0
151,1,50,0
151,1,51,0
151,1,52,0
151,1,53,0
151,1,54,0
151,1,55,0
151,1,56,0
151,1,57,0
151,1,58,0
151,1,59,0
151,1,60,0
151,1,61,0
151,1,62,0
151,1,63,0
,,,,1
151,2,0,0
151,2,1,2
151,2,2,0
151,2,3,0
151,2,4,0
151,2,5,0
151,2,6,0
151,2,7,0
151,2,8,0
151,2,9,0
151,2,10,0
151,2,11,0
151,2,12,0
151,2,13,0
151,2,14,0
151,2,15,0
151,2,16,0
151,2,17,0
151,2,18,0
151,2,19,0
151,2,20,0
151,2,21,0
151,2,22,0
151,2,23,0
151,2,24,0
151,2,25,0
151,2,26,0
151,2,27,0
151,2,28,0
151,2,29,0
151,2,30,0
151,2,31,0
151,2,32,0
151,2,33,0
151,2,34,0
151,2,35,0
151,2,36,0
151,2,37,0
151,2,38,0
151,2,39,0
151,2,40,0
151,2,41,0
151,2,42,0
151,2,43,0
151,2,44,0
151,2,45,0
151,2,46,0
151,2,47,0
151,2,48,0
151,2,49,0
151,2,50,0
151,2,51,0
151,2,52,0
151,2,53,0
151,2,54,0
151,2,55,0
151,2,56,0
151,2,57,0
151,2,58,0
151,2,59,0
151,2,60,0
151,2,61,0
151,2,62,0
151,2,63,0
Shot Number,Secondary Electron Number,Anode ID,Electrons in wire,Gas amplification  coefficient
,,,,1
161,1,0,0
161,1,1,0
161,1,2,0
161,1,3,0
161,1,4,0
161,1,5,1
161,1,6,0
161,1,7,0
161,1,8,0
161,1,9,0
161,1,10,0
161,1,11,0
161,1,12,0
161,1,13,0
161,1,14,0
161,1,15,0
161,1,16,0
161,1,17,0
161,1,18,0
161,1,19,0
161,1,20,0
161,1,21,0
161,1,22,0
161,1,23,0
161,1,24,0
161,1,25,0
161,1,26,0
161,1,27,0
161,1,28,0
161,1,29,0
161,1,30,0
161,1,31,0
161,1,32,0
161,1,33,0
161,1,34,0
161,1,35,0
161,1,36,0
161,1,37,0
161,1,38,0
161,1,39,0
161,1,40,0
161,1,41,0
161,1,42,0
161,1,43,0
161,1,44,0
161,1,45,0
161,1,46,0
161,1,47,0
161,1,48,0
161,1,49,0
161,1,50,0
161,1,51,0
161,1,52,0
161,1,53,0
161,1,54,0
161,1,55,0
161,1,56,0
161,1,57,0
161,1,58,0
161,1,59,0
161,1,60,0
161,1,61,0
161,1,62,0
161,1,63,0
,,,,1
161,2,0,0
161,2,1,0
161,2,2,0
161,2,3,0
161,2,4,0
161,2,5,2
161,2,6,0
161,2,7,0
161,2,8,0
161,2,9,0
161,2,10,0
161,2,11,0
161,2,12,0
161,2,13,0
161,2,14,0
161,2,15,0
161,2,16,0
161,2,17,0
161,2,18,0
161,2,19,0
161,2,20,0
161,2,21,0
161,2,22,0
161,2,23,0
161,2,24,0
161,2,25,0
161,2,26,0
161,2,27,0
161,2,28,0
161,2,29,0
161,2,30,0
161,2,31,0
161,2,32,0
161,2,33,0
161,2,34,0
161,2,35,0
161,2,36,0
161,2,37,0
161,2,38,0
161,2,39,0
161,2,40,0
161,2,41,0
161,2,42,0
161,2,43,0
161,2,44,0
161,2,45,0
161,2,46,0
161,2,47,0
161,2,48,0
161,2,49,0
161,2,50,0
161,2,51,0
161,2,52,0
161,2,53,0
161,2,54,0
161,2,55,0
161,2,56,0
161,2,57,0
161,2,58,0
161,2,59,0
161,2,60,0
161,2,61,0
161,2,62,0
161,2,63,0
Shot Number,Secondary Electron Number,Anode ID,Electrons in wire,Gas amplification  coefficient
,,,,1
167,1,0,0
167,1,1,0
167,1,2,0
167,1,3,0
167,1,4,0
167,1,5,0
167,1,6,1
167,1,7,0
167,1,8,0
167,1,9,0
167,1,10,0
167,1,11,0
167,1,12,0
167,1,13,0
167,1,14,0
167,1,15,0
167,1,16,0
167,1,17,0
167,1,18,0
167,1,19,0
167,1,20,0
167,1,21,0
167,1,22,0
167,1,23,0
167,1,24,0
167,1,25,0
167,1,26,0
167,1,27,0
167,1,28,0
167,1,29,0
167,1,30,0
167,1,31,0
167,1,32,0
167,1,33,0
167,1,34,0
167,1,35,0
167,1,36,0
167,1,37,0
167,1,38,0
167,1,39,0
167,1,40,0
167,1,41,0
167,1,42,0
167,1,43,0
167,1,44,0
167,1,45,0
167,1,46,0
167,1,47,0
167,1,48,0
167,1,49,0
167,1,50,0
167,1,51,0
167,1,52,0
167,1,53,0
167,1,54,0
167,1,55,0
167,1,56,0
167,1,57,0
167,1,58,0
167,1,59,0
167,1,60,0
167,1,61,0
167,1,62,0
167,1,63,0
,,,,1
167,2,0,0
167,2,1,0
167,2,2,0
167,2,3,0
167,2,4,0
167,2,5,0
167,2,6,2
167,2,7,0
167,2,8,0
167,2,9,0
167,2,10,0
167,2,11,0
167,2,12,0
167,2,13,0
167,2,14,0
167,2,15,0
167,2,16,0
167,2,17,0
167,2,18,0
167,2,19,0
167,2,20,0
167,2,21,0
167,2,22,0
167,2,23,0
167,2,24,0
167,2,25,0
167,2,26,0
167,2,27,0
167,2,28,0
167,2,29,0
167,2,30,0
167,2,31,0
167,2,32,0
167,2,33,0
167,2,34,0
167,2,35,0
167,2,36,0
167,2,37,0
167,2,38,0
167,2,39,0
167,2,40,0
167,2,41,0
167,2,42,0
167,2,43,0
167,2,44,0
167,2,45,0
167,2,46,0
167,2,47,0
167,2,48,0
167,2,49,0
167,2,50,0
167,2,51,0
167,2,52,0
167,2,53,0
167,2,54,0
167,2,55,0
167,2,56,0
167,2,57,0
167,2,58,0
167,2,59,0
167,2,60,0
167,2,61,0
167,2,62,0
167,2,63,0
Shot Number,Secondary Electron Number,Anode ID,Electrons in wire,Gas amplification  coefficient
,,,,1
203,1,0,0
203,1,1,1
203,1,2,0
203,1,3,0
203,1,4,0
203,1,5,0
203,1,6,0
203,1,7,0
203,1,8,0
203,1,9,0
203,1,10,0
203,1,11,0
203,1,12,0
203,1,13,0
203,1,14,0
203,1,15,0
203,1,16,0
203,1,17,0
203,1,18,0
203,1,19,0
203,1,20,0
203,1,21,0
203,1,22,0
203,1,23,0
203,1,24,0
203,1,25,0
203,1,26,0
203,1,27,0
203,1,28,0
203,1,29,0
203,1,30,0
203,1,31,0
203,1,32,0
203,1,33,0
203,1,34,0
203,1,35,0
203,1,36,0
203,1,37,0
203,1,38,0
203,1,39,0
203,1,40,0
203,1,41,0
203,1,42,0
203,1,43,0
203,1,44,0
203,1,45,0
203,1,46,0
203,1,47,0
203,1,48,0
203,1,49,0
203,1,50,0
203,1,51,0
203,1,52,0
203,1,53,0
203,1,54,0
203,1,55,0
203,1,56,0
203,1,57,0
203,1,58,0
203,1,59,0
203,1,60,0
203,1,61,0
203,1,62,0
203,1,63,0
,,,,1
203,2,0,0
203,2,1,2
203,2,2,0
203,2,3,0
203,2,4,0
203,2,5,0
203,2,6,0
203,2,7,0
203,2,8,0
203,2,9,0
203,2,10,0
203,2,11,0
203,2,12,0
203,2,13,0
203,2,14,0
203,2,15,0
203,2,16,0
203,2,17,0
203,2,18,0
203,2,19,0
203,2,20,0
203,2,21,0
203,2,22,0
203,2,23,0
203,2,24,0
203,2,25,0
203,2,26,0
203,2,27,0
203,2,28,0
203,2,29,0
203,2,30,0
203,2,31,0
203,2,32,0
203,2,33,0
203,2,34,0
203,2,35,0
203,2,36,0
203,2,37,0
203,2,38,0
203,2,39,0
203,2,40,0
203,2,41,0
203,2,42,0
203,2,43,0
203,2,44,0
203,2,45,0
203,2,46,0
203,2,47,0
203,2,48,0
203,2,49,0
203,2,50,0
203,2,51,0
203,2,52,0
203,2,53,0
203,2,54,0
203,2,55,0
203,2,56,0
203,2,57,0
203,2,58,0
203,2,59,0
203,2,60,0
203,2,61,0
203,2,62,0
203,2,63,0
Shot Number,Secondary Electron Number,Anode ID,Electrons in wire,Gas amplification  coefficient
,,,,1
230,1,0,0
230,1,1,1
230,1,2,0
230,1,3,0
230,1,4,0
230,1,5,0
230,1,6,0
230,1,7,0
230,1,8,0
230,1,9,0
230,1,10,0
230,1,11,0
230,1,12,0
230,1,13,0
230,1,14,0
230,1,15,0
230,1,16,0
230,1,17,0
230,1,18,0
230,1,19,0
230,1,20,0
230,1,21,0
230,1,22,0
230,1,23,0
230,1,24,0
230,1,25,0
230,1,26,0
230,1,27,0
230,1,28,0
230,1,29,0
230,1,30,0
230,1,31,0
230,1,32,0
230,1,33,0
230,1,34,0
230,1,35,0
230,1,36,0
230,1,37,0
230,1,38,0
230,1,39,0
230,1,40,0
230,1,41,0
230,1,42,0
230,1,43,0
230,1,44,0
230,1,45,0
230,1,46,0
230,1,47,0
230,1,48,0
230,1,49,0
230,1,50,0
230,1,51,0
230,1,52,0
230,1,53,0
230,1,54,0
230,1,55,0
230,1,56,0
230,1,57,0
230,1,58,0
230,1,59,0
230,1,60,0
230,1,61,0
230,1,62,0
230,1,63,0
,,,,1
230,2,0,0
230,2,1,2
230,2,2,0
230,2,3,0
230,2,4,0
230,2,5,0
230,2,6,0
230,2,7,0
230,2,8,0
230,2,9,0
230,2,10,0
230,2,11,0
230,2,12,0
230,2,13,0
230,2,14,0
230,2,15,0
230,2,16,0
230,2,17,0
230,2,18,0
230,2,19,0
230,2,20,0
230,2,21,0
230,2,22,0
230,2,23,0
230,2,24,0
230,2,25,0
230,2,26,0
230,2,27,0
230,2,28,0
230,2,29,0
230,2,30,0
230,2,31,0
230,2,32,0
230,2,33,0
230,2,34,0
230,2,35,0
230,2,36,0
230,2,37,0
230,2,38,0
230,2,39,0
230,2,40,0
230,2,41,0
230,2,42,0
230,2,43,0
230,2,44,0
230,2,45,0
230,2,46,0
230,2,47,0
230,2,48,0
230,2,49,0
230,2,50,0
230,2,51,0
230,2,52,0
230,2,53,0
230,2,54,0
230,2,55,0
230,2,56,0
230,2,57,0
230,2,58,0
230,2,59,0
230,2,60,0
230,2,61,0
230,2,62,0
230,2,63,0
Shot Number,Secondary Electron Number,Anode ID,Electrons in wire,Gas amplification  coefficient
,,,,1
251,1,0,1
251,1,1,0
251,1,2,0
251,1,3,0
251,1,4,0
251,1,5,0
251,1,6,0
251,1,7,0
251,1,8,0
251,1,9,0
251,1,10,0
251,1,11,0
251,1,12,0
251,1,13,0
251,1,14,0
251,1,15,0
251,1,16,0
251,1,17,0
251,1,18,0
251,1,19,0
251,1,20,0
251,1,21,0
251,1,22,0
251,1,23,0
251,1,24,0
251,1,25,0
251,1,26,0
251,1,27,0
251,1,28,0
251,1,29,0
251,1,30,0
251,1,31,0
251,1,32,0
251,1,33,0
251,1,34,0
251,1,35,0
251,1,36,0
251,1,37,0
251,1,38,0
251,1,39,0
251,1,40,0
251,1,41,0
251,1,42,0
251,1,43,0
251,1,44,0
251,1,45,0
251,1,46,0
251,1,47,0
251,1,48,0
251,1,49,0
251,1,50,0
251,1,51,0
251,1,52,0
251,1,53,0
251,1,54,0
251,1,55,0
251,1,56,0
251,1,57,0
251,1,58,0
251,1,59,0
251,1,60,0
251,1,61,0
251,1,62,0
251,1,63,0
,,,,1
251,2,0,2
251,2,1,0
251,2,2,0
251,2,3,0
251,2,4,0
251,2,5,0
251,2,6,0
251,2,7,0
251,2,8,0
251,2,9,0
251,2,10,0
251,2,11,0
251,2,12,0
251,2,13,0
251,2,14,0
251,2,15,0
251,2,16,0
251,2,17,0
251,2,18,0
251,2,19,0
251,2,20,0
251,2,21,0
251,2,22,0
251,2,23,0
251,2,24,0
251,2,25,0
251,2,26,0
251,2,27,0
251,2,28,0
251,2,29,0
251,2,30,0
251,2,31,0
251,2,32,0
251,2,33,0
251,2,34,0
251,2,35,0
251,2,36,0
251,2,37,0
251,2,38,0
251,2,39,0
251,2,40,0
251,2,41,0
251,2,42,0
251,2,43,0
251,2,44,0
251,2,45,0
251,2,46,0
251,2,47,0
251,2,48,0
251,2,49,0
251,2,50,0
251,2,51,0
251,2,52,0
251,2,53,0
251,2,54,0
251,2,55,0
251,2,56,0
251,2,57,0
251,2,58,0
251,2,59,0
251,2,60,0
251,2,61,0
251,2,62,0
251,2,63,0
Shot Number,Secondary Electron Number,Anode ID,Electrons in wire,Gas amplification  coefficient
,,,,1
278,1,0,0
278,1,1,0
278,1,2,0
278,1,3,1
278,1,4,0
278,1,5,0
278,1,6,0
278,1,7,0
278,1,8,0
278,1,9,0
278,1,10,0
278,1,11,0
278,1,12,0
278,1,13,0
278,1,14,0
278,1,15,0
278,1,16,0
278,1,17,0
278,1,18,0
278,1,19,0
278,1,20,0
278,1,21,0
278,1,22,0
278,1,23,0
278,1,24,0
278,1,25,0
278,1,26,0
278,1,27,0
278,1,28,0
278,1,29,0
278,1,30,0
278,1,31,0
278,1,32,0
278,1,33,0
278,1,34,0
278,1,35,0
278,1,36,0
278,1,37,0
278,1,38,0
278,1,39,0
278,1,40,0
278,1,41,0
278,1,42,0
278,1,43,0
278,1,44,0
278,1,45,0
278,1,46,0
278,1,47,0
278,1,48,0
278,1,49,0
278,1,50,0
278,1,51,0
278,1,52,0
278,1,53,0
278,1,54,0
278,1,55,0
278,1,56,0
278,1,57,0
278,1,58,0
278,1,59,0
278,1,60,0
278,1,61,0
278,1,62,0
278,1,63,0
,,,,1
278,2,0,0
278,2,1,0
278,2,2,0
278,2,3,2
278,2,4,0
278,2,5,0
278,2,6,0
278,2,7,0
278,2,8,0
278,2,9,0
278,2,10,0
278,2,11,0
278,2,12,0
278,2,13,0
278,2,14,0
278,2,15,0
278,2,16,0
278,2,17,0
278,2,18,0
278,2,19,0
278,2,20,0
278,2,21,0
278,2,22,0
278,2,23,0
278,2,24,0
278,2,25,0
278,2,26,0
278,2,27,0
278,2,28,0
278,2,29,0
278,2,30,0
278,2,31,0
278,2,32,0
278,2,33,0
278,2,34,0
278,2,35,0
278,2,36,0
278,2,37,0
278,2,38,0
278,2,39,0
278,2,40,0
278,2,41,0
278,2,42,0
278,2,43,0
278,2,44,0
278,2,45,0
278,2,46,0
278,2,47,0
278,2,48,0
278,2,49,0
278,2,50,0
278,2,51,0
278,2,52,0
278,2,53,0
278,2,54,0
278,2,55,0
278,2,56,0
278,2,57,0
278,2,58,0
278,2,59,0
278,2,60,0
278,2,61,0
278,2,62,0
278,2,63,0
Shot Number,Secondary Electron Number,Anode ID,Electrons in wire,Gas amplification  coefficient
,,,,1
298,1,0,0
298,1,1,0
298,1,2,0
298,1,3,1
298,1,4,0
298,1,5,0
298,1,6,0
298,1,7,0
298,1,8,0
298,1,9,0
298,1,10,0
298,1,11,0
298,1,12,0
298,1,13,0
298,1,14,0
298,1,15,0
298,1,16,0
298,1,17,0
298,1,18,0
298,1,19,0
298,1,20,0
298,1,21,0
298,1,22,0
298,1,23,0
298,1,24,0
298,1,25,0
298,1,26,0
298,1,27,0
298,1,28,0
298,1,29,0
298,1,30,0
298,1,31,0
298,1,32,0
298,1,33,0
298,1,34,0
298,1,35,0
298,1,36,0
298,1,37,0
298,1,38,0
298,1,39,0
298,1,40,0
298,1,41,0
298,1,42,0
298,1,43,0
298,1,44,0
298,1,45,0
298,1,46,0
298,1,47,0
298,1,48,0
298,1,49,0
298,1,50,0
298,1,51,0
298,1,52,0
298,1,53,0
298,1,54,0
298,1,55,0
298,1,56,0
298,1,57,0
298,1,58,0
298,1,59,0
298,1,60,0
298,1,61,0
298,1,62,0
298,1,63,0
,,,,1
298,2,0,0
298,2,1,0
298,2,2,0
298,2,3,2
298,2,4,0
298,2,5,0
298,2,6,0
298,2,7,0
298,2,8,0
298,2,9,0
298,2,10,0
298,2,11,0
298,2,12,0
298,2,13,0
298,2,14,0
298,2,15,0
298,2,16,0
298,2,17,0
298,2,18,0
298,2,19,0
298,2,20,0
298,2,21,0
298,2,22,0
298,2,23,0
298,2,24,0
298,2,25,0
298,2,26,0
298,2,27,0
298,2,28,0
298,2,29,0
298,2,30,0
298,2,31,0
298,2,32,0
298,2,33,0
298,2,34,0
298,2,35,0
298,2,36,0
298,2,37,0
298,2,38,0
298,2,39,0
298,2,40,0
298,2,41,0
298,2,42,0
298,2,43,0
298,2,44,0
298,2,45,0
298,2,46,0
298,2,47,0
298,2,48,0
298,2,49,0
298,2,50,0
298,2,51,0
298,2,52,0
298,2,53,0
298,2,54,0
298,2,55,0
298,2,56,0
298,2,57,0
298,2,58,0
298,2,59,0
298,2,60,0
298,2,61,0
298,2,62,0
298,2,63,0
Shot Number,Secondary Electron Number,Anode ID,Electrons in wire,Gas amplification  coefficient
,,,,1
377,1,0,0
377,1,1,0
377,1,2,0
377,1,3,0
377,1,4,0
377,1,5,1
377,1,6,0
377,1,7,0
377,1,8,0
377,1,9,0
377,1,10,0
377,1,11,0
377,1,12,0
377,1,13,0
377,1,14,0
377,1,15,0
377,1,16,0
377,1,17,0
377,1,18,0
377,1,19,0
377,1,20,0
377,1,21,0
377,1,22,0
377,1,23,0
377,1,24,0
377,1,25,0
377,1,26,0
377,1,27,0
377,1,28,0
377,1,29,0
377,1,30,0
377,1,31,0
377,1,32,0
377,1,33,0
377,1,34,0
377,1,35,0
377,1,36,0
377,1,37,0
377,1,38,0
377,1,39,0
377,1,40,0
377,1,41,0
377,1,42,0
377,1,43,0
377,1,44,0
377,1,45,0
377,1,46,0
377,1,47,0
377,1,48,0
377,1,49,0
377,1,50,0
377,1,51,0
377,1,52,0
377,1,53,0
377,1,54,0
377,1,55,0
377,1,56,0
377,1,57,0
377,1,58,0
377,1,59,0
377,1,60,0
377,1,61,0
377,1,62,0
377,1,63,0
,,,,1
377,2,0,0
377,2,1,0
377,2,2,0
377,2,3,0
377,2,4,0
377,2,5,2
377,2,6,0
377,2,7,0
377,2,8,0
377,2,9,0
377,2,10,0
377,2,11,0
377,2,12,0
377,2,13,0
377,2,14,0
377,2,15,0
377,2,16,0
377,2,17,0
377,2,18,0
377,2,19,0
377,2,20,0
377,2,21,0
377,2,22,0
377,2,23,0
377,2,24,0
377,2,25,0
377,2,26,0
377,2,27,0
377,2,28,0
377,2,29,0
377,2,30,0
377,2,31,0
377,2,32,0
377,2,33,0
377,2,34,0
377,2,35,0
377,2,36,0
377,2,37,0
377,2,38,0
377,2,39,0
377,2,40,0
377,2,41,0
377,2,42,0
377,2,43,0
377,2,44,0
377,2,45,0
377,2,46,0
377,2,47,0
377,2,48,0
377,2,49,0
377,2,50,0
377,2,51,0
377,2,52,0
377,2,53,0
377,2,54,0
377,2,55,0
377,2,56,0
377,2,57,0
377,2,58,0
377,2,59,0
377,2,60,0
377,2,61,0
377,2,62,0
377,2,63,0
Shot Number,Secondary Electron Number,Anode ID,Electrons in wire,Gas amplification  coefficient
,,,,1
379,1,0,0
379,1,1,1
379,1,2,0
379,1,3,0
379,1,4,0
379,1,5,0
379,1,6,0
379,1,7,0
379,1,8,0
379,1,9,0
379,1,10,0
379,1,11,0
379,1,12,0
379,1,13,0
379,1,14,0
379,1,15,0
379,1,16,0
379,1,17,0
379,1,18,0
379,1,19,0
379,1,20,0
379,1,21,0
379,1,22,0
379,1,23,0
379,1,24,0
379,1,25,0
379,1,26,0
379,1,27,0
379,1,28,0
379,1,29,0
379,1,30,0
379,1,31,0
379,1,32,0
379,1,33,0
379,1,34,0
379,1,35,0
379,1,36,0
379,1,37,0
379,1,38,0
379,1,39,0
379,1,40,0
379,1,41,0
379,1,42,0
379,1,43,0
379,1,44,0
379,1,45,0
379,1,46,0
379,1,47,0
379,1,48,0
379,1,49,0
379,1,50,0
379,1,51,0
379,1,52,0
379,1,53,0
379,1,54,0
379,1,55,0
379,1,56,0
379,1,57,0
379,1,58,0
379,1,59,0
379,1,60,0
379,1,61,0
379,1,62,0
379,1,63,0
,,,,1
379,2,0,0
379,2,1,1
379,2,2,1
379,2,3,0
379,2,4,0
379,2,5,0
379,2,6,0
379,2,7,0
379,2,8,0
379,2,9,0
379,2,10,0
379,2,11,0
379,2,12,0
379,2,13,0
379,2,14,0
379,2,15,0
379,2,16,0
379,2,17,0
379,2,18,0
379,2,19,0
379,2,20,0
379,2,21,0
379,2,22,0
379,2,23,0
379,2,24,0
379,2,25,0
379,2,26,0
379,2,27,0
379,2,28,0
379,2,29,0
379,2,30,0
379,2,31,0
379,2,32,0
379,2,33,0
379,2,34,0
379,2,35,0
379,2,36,0
379,2,37,0
379,2,38,0
379,2,39,0
379,2,40,0
379,2,41,0
379,2,42,0
379,2,43,0
379,2,44,0
379,2,45,0
379,2,46,0
379,2,47,0
379,2,48,0
379,2,49,0
379,2,50,0
379,2,51,0
379,2,52,0
379,2,53,0
379,2,54,0
379,2,55,0
379,2,56,0
379,2,57,0
379,2,58,0
379,2,59,0
379,2,60,0
379,2,61,0
379,2,62,0
379,2,63,0
Shot Number,Secondary Electron Number,Anode ID,Electrons in wire,Gas amplification  coefficient
,,,,1
382,1,0,0
382,1,1,0
382,1,2,1
382,1,3,0
382,1,4,0
382,1,5,0
382,1,6,0
382,1,7,0
382,1,8,0
382,1,9,0
382,1,10,0
382,1,11,0
382,1,12,0
382,1,13,0
382,1,14,0
382,1,15,0
382,1,16,0
382,1,17,0
382,1,18,0
382,1,19,0
382,1,20,0
382,1,21,0
382,1,22,0
382,1,23,0
382,1,24,0
382,1,25,0
382,1,26,0
382,1,27,0
382,1,28,0
382,1,29,0
382,1,30,0
382,1,31,0
382,1,32,0
382,1,33,0
382,1,34,0
382,1,35,0
382,1,36,0
382,1,37,0
382,1,38,0
382,1,39,0
382,1,40,0
382,1,41,0
382,1,42,0
382,1,43,0
382,1,44,0
382,1,45,0
382,1,46,0
382,1,47,0
382,1,48,0
382,1,49,0
382,1,50,0
382,1,51,0
382,1,52,0
382,1,53,0
382,1,54,0
382,1,55,0
382,1,56,0
382,1,57,0
382,1,58,0
382,1,59,0
382,1,60,0
382,1,61,0
382,1,62,0
382,1,63,0
,,,,1
382,2,0,0
382,2,1,0
382,2,2,2
382,2,3,0
382,2,4,0
382,2,5,0
382,2,6,0
382,2,7,0
382,2,8,0
382,2,9,0
382,2,10,0
382,2,11,0
382,2,12,0
382,2,13,0
382,2,14,0
382,2,15,0
382,2,16,0
382,2,17,0
382,2,18,0
382,2,19,0
382,2,20,0
382,2,21,0
382,2,22,0
382,2,23,0
382,2,24,0
382,2,25,0
382,2,26,0
382,2,27,0
382,2,28,0
382,2,29,0
382,2,30,0
382,2,31,0
382,2,32,0
382,2,33,0
382,2,34,0
382,2,35,0
382,2,36,0
382,2,37,0
382,2,38,0
382,2,39,0
382,2,40,0
382,2,41,0
382,2,42,0
382,2,43,0
382,2,44,0
382,2,45,0
382,2,46,0
382,2,47,0
382,2,48,0
382,2,49,0
382,2,50,0
382,2,51,0
382,2,52,0
382,2,53,0
382,2,54,0
382,2,55,0
382,2,56,0
382,2,57,0
382,2,58,0
382,2,59,0
382,2,60,0
382,2,61,0
382,2,62,0
382,2,63,0
Shot Number,Secondary Electron Number,Anode ID,Electrons in wire,Gas amplification  coefficient
,,,,1
394,1,0,0
394,1,1,0
394,1,2,1
394,1,3,0
394,1,4,0
394,1,5,0
394,1,6,0
394,1,7,0
394,1,8,0
394,1,9,0
394,1,10,0
394,1,11,0
394,1,12,0
394,1,13,0
394,1,14,0
394,1,15,0
394,1,16,0
394,1,17,0
394,1,18,0
394,1,19,0
394,1,20,0
394,1,21,0
394,1,22,0
394,1,23,0
394,1,24,0
394,1,25,0
394,1,26,0
394,1,27,0
394,1,28,0
394,1,29,0
394,1,30,0
394,1,31,0
394,1,32,0
394,1,33,0
394,1,34,0
394,1,35,0
394,1,36,0
394,1,37,0
394,1,38,0
394,1,39,0
394,1,40,0
394,1,41,0
394,1,42,0
394,1,43,0
394,1,44,0
394,1,45,0
394,1,46,0
394,1,47,0
394,1,48,0
394,1,49,0
394,1,50,0
394,1,51,0
394,1,52,0
394,1,53,0
394,1,54,0
394,1,55,0
394,1,56,0
394,1,57,0
394,1,58,0
394,1,59,0
394,1,60,0
394,1,61,0
394,1,62,0
394,1,63,0
,,,,1
394,2,0,0
394,2,1,0
394,2,2,2
394,2,3,0
394,2,4,0
394,2,5,0
394,2,6,0
394,2,7,0
394,2,8,0
394,2,9,0
394,2,10,0
394,2,11,0
394,2,12,0
394,2,13,0
394,2,14,0
394,2,15,0
394,2,16,0
394,2,17,0
394,2,18,0
394,2,19,0
394,2,20,0
394,2,21,0
394,2,22,0
394,2,23,0
394,2,24,0
394,2,25,0
394,2,26,0
394,2,27,0
394,2,28,0
394,2,29,0
394,2,30,0
394,2,31,0
394,2,32,0
394,2,33,0
394,2,34,0
394,2,35,0
394,2,36,0
394,2,37,0
394,2,38,0
394,2,39,0
394,2,40,0
394,2,41,0
394,2,42,0
394,2,43,0
394,2,44,0
394,2,45,0
394,2,46,0
394,2,47,0
394,2,48,0
394,2,49,0
394,2,50,0
394,2,51,0
394,2,52,0
394,2,53,0
394,2,54,0
394,2,55,0
394,2,56,0
394,2,57,0
394,2,58,0
394,2,59,0
394,2,60,0
394,2,61,0
394,2,62,0
394,2,63,0
Shot Number,Secondary Electron Number,Anode ID,Electrons in wire,Gas amplification  coefficient
,,,,1
407,1,0,0
407,1,1,1
407,1,2,0
407,1,3,0
407,1,4,0
407,1,5,0
407,1,6,0
407,1,7,0
407,1,8,0
407,1,9,0
407,1,10,0
407,1,11,0
407,1,12,0
407,1,13,0
407,1,14,0
407,1,15,0
407,1,16,0
407,1,17,0
407,1,18,0
407,1,19,0
407,1,20,0
407,1,21,0
407,1,22,0
407,1,23,0
407,1,24,0
407,1,25,0
407,1,26,0
407,1,27,0
407,1,28,0
407,1,29,0
407,1,30,0
407,1,31,0
407,1,32,0
407,1,33,0
407,1,34,0
407,1,35,0
407,1,36,0
407,1,37,0
407,1,38,0
407,1,39,0
407,1,40,0
407,1,41,0
407,1,42,0
407,1,43,0
407,1,44,0
407,1,45,0
407,1,46,0
407,1,47,0
407,1,48,0
407,1,49,0
407,1,50,0
407,1,51,0
407,1,52,0
407,1,53,0
407,1,54,0
407,1,55,0
407,1,56,0
407,1,57,0
407,1,58,0
407,1,59,0
407,1,60,0
407,1,61,0
407,1,62,0
407,1,63,0
,,,,1
407,2,0,0
407,2,1,2
407,2,2,0
407,2,3,0
407,2,4,0
407,2,5,0
407,2,6,0
407,2,7,0
407,2,8,0
407,2,9,0
407,2,10,0
407,2,11,0
407,2,12,0
407,2,13,0
407,2,14,0
407,2,15,0
407,2,16,0
407,2,17,0
407,2,18,0
407,2,19,0
407,2,20,0
407,2,21,0
407,2,22,0
407,2,23,0
407,2,24,0
407,2,25,0
407,2,26,0
407,2,27,0
407,2,28,0
407,2,29,0
407,2,30,0
407,2,31,0
407,2,32,0
407,2,33,0
407,2,34,0
407,2,35,0
407,2,36,0
407,2,37,0
407,2,38,0
407,2,39,0
407,2,40,0
407,2,41,0
407,2,42,0
407,2,43,0
407,2,44,0
407,2,45,0
407,2,46,0
407,2,47,0
407,2,48,0
407,2,49,0
407,2,50,0
407,2,51,0
407,2,52,0
407,2,53,0
407,2,54,0
407,2,55,0
407,2,56,0
407,2,57,0
407,2,58,0
407,2,59,0
407,2,60,0
407,2,61,0
407,2,62,0
407,2,63,0
Shot Number,Secondary Electron Number,Anode ID,Electrons in wire,Gas amplification  coefficient
,,,,1
414,1,0,0
414,1,1,0
414,1,2,0
414,1,3,1
414,1,4,0
414,1,5,0
414,1,6,0
414,1,7,0
414,1,8,0
414,1,9,0
414,1,10,0
414,1,11,0
414,1,12,0
414,1,13,0
414,1,14,0
414,1,15,0
414,1,16,0
414,1,17,0
414,1,18,0
414,1,19,0
414,1,20,0
414,1,21,0
414,1,22,0
414,1,23,0
414,1,24,0
414,1,25,0
414,1,26,0
414,1,27,0
414,1,28,0
414,1,29,0
414,1,30,0
414,1,31,0
414,1,32,0
414,1,33,0
414,1,34,0
414,1,35,0
414,1,36,0
414,1,37,0
414,1,38,0
414,1,39,0
414,1,40,0
414,1,41,0
414,1,42,0
414,1,43,0
414,1,44,0
414,1,45,0
414,1,46,0
414,1,47,0
414,1,48,0
414,1,49,0
414,1,50,0
414,1,51,0
414,1,52,0
414,1,53,0
414,1,54,0
414,1,55,0
414,1,56,0
414,1,57,0
414,1,58,0
414,1,59,0
414,1,60,0
414,1,61,0
414,1,62,0
414,1,63,0
,,,,1
414,2,0,0
414,2,1,0
414,2,2,0
414,2,3,2
414,2,4,0
414,2,5,0
414,2,6,0
414,2,7,0
414,2,8,0
414,2,9,0
414,2,10,0
414,2,11,0
414,2,12,0
414,2,13,0
414,2,14,0
414,2,15,0
414,2,16,0
414,2,17,0
414,2,18,0
414,2,19,0
414,2,20,0
414,2,21,0
414,2,22,0
414,2,23,0
414,2,24,0
414,2,25,0
414,2,26,0
414,2,27,0
414,2,28,0
414,2,29,0
414,2,30,0
414,2,31,0
414,2,32,0
414,2,33,0
414,2,34,0
414,2,35,0
414,2,36,0
414,2,37,0
414,2,38,0
414,2,39,0
414,2,40,0
414,2,41,0
414,2,42,0
414,2,43,0
414,2,44,0
414,2,45,0
414,2,46,0
414,2,47,0
414,2,48,0
414,2,49,0
414,2,50,0
414,2,51,0
414,2,52,0
414,2,53,0
414,2,54,0
414,2,55,0
414,2,56,0
414,2,57,0
414,2,58,0
414,2,59,0
414,2,60,0
414,2,61,0
414,2,62,0
414,2,63,0
Shot Number,Secondary Electron Number,Anode ID,Electrons in wire,Gas amplification  coefficient
,,,,1
425,1,0,0
425,1,1,0
425,1,2,0
425,1,3,0
425,1,4,0
425,1,5,1
425,1,6,0
425,1,7,0
425,1,8,0
425,1,9,0
425,1,10,0
425,1,11,0
425,1,12,0
425,1,13,0
425,1,14,0
425,1,15,0
425,1,16,0
425,1,17,0
425,1,18,0
425,1,19,0
425,1,20,0
425,1,21,0
425,1,22,0
425,1,23,0
425,1,24,0
425,1,25,0
425,1,26,0
425,1,27,0
425,1,28,0
425,1,29,0
425,1,30,0
425,1,31,0
425,1,32,0
425,1,33,0
425,1,34,0
425,1,35,0
425,1,36,0
425,1,37,0
425,1,38,0
425,1,39,0
425,1,40,0
425,1,41,0
425,1,42,0
425,1,43,0
425,1,44,0
425,1,45,0
425,1,46,0
425,1,47,0
425,1,48,0
425,1,49,0
425,1,50,0
425,1,51,0
425,1,52,0
425,1,53,0
425,1,54,0
425,1,55,0
425,1,56,0
425,1,57,0
425,1,58,0
425,1,59,0
425,1,60,0
425,1,61,0
425,1,62,0
425,1,63,0
,,,,1
425,2,0,0
425,2,1,0
425,2,2,0
425,2,3,0
425,2,4,0
425,2,5,2
425,2,6,0
425,2,7,0
425,2,8,0
425,2,9,0
425,2,10,0
425,2,11,0
425,2,12,0
425,2,13,0
425,2,14,0
425,2,15,0
425,2,16,0
425,2,17,0
425,2,18,0
425,2,19,0
425,2,20,0
425,2,21,0
425,2,22,0
425,2,23,0
425,2,24,0
425,2,25,0
425,2,26,0
425,2,27,0
425,2,28,0
425,2,29,0
425,2,30,0
425,2,31,0
425,2,32,0
425,2,33,0
425,2,34,0
425,2,35,0
425,2,36,0
425,2,37,0
425,2,38,0
425,2,39,0
425,2,40,0
425,2,41,0
425,2,42,0
425,2,43,0
425,2,44,0
425,2,45,0
425,2,46,0
425,2,47,0
425,2,48,0
425,2,49,0
425,2,50,0
425,2,51,0
425,2,52,0
425,2,53,0
425,2,54,0
425,2,55,0
425,2,56,0
425,2,57,0
425,2,58,0
425,2,59,0
425,2,60,0
425,2,61,0
425,2,62,0
425,2,63,0
Shot Number,Secondary Electron Number,Anode ID,Electrons in wire,Gas amplification  coefficient
,,,,1
429,1,0,0
429,1,1,0
429,1,2,0
429,1,3,1
429,1,4,0
429,1,5,0
429,1,6,0
429,1,7,0
429,1,8,0
429,1,9,0
429,1,10,0
429,1,11,0
429,1,12,0
429,1,13,0
429,1,14,0
429,1,15,0
429,1,16,0
429,1,17,0
429,1,18,0
429,1,19,0
429,1,20,0
429,1,21,0
429,1,22,0
429,1,23,0
429,1,24,0
429,1,25,0
429,1,26,0
429,1,27,0
429,1,28,0
429,1,29,0
429,1,30,0
429,1,31,0
429,1,32,0
429,1,33,0
429,1,34,0
429,1,35,0
429,1,36,0
429,1,37,0
429,1,38,0
429,1,39,0
429,1,40,0
429,1,41,0
429,1,42,0
429,1,43,0
429,1,44,0
429,1,45,0
429,1,46,0
429,1,47,0
429,1,48,0
429,1,49,0
429,1,50,0
429,1,51,0
429,1,52,0
429,1,53,0
429,1,54,0
429,1,55,0
429,1,56,0
429,1,57,0
429,1,58,0
429,1,59,0
429,1,60,0
429,1,61,0
429,1,62,0
429,1,63,0
,,,,1
429,2,0,0
429,2,1,0
429,2,2,0
429,2,3,2
429,2,4,0
429,2,5,0
429,2,6,0
429,2,7,0
429,2,8,0
429,2,9,0
429,2,10,0
429,2,11,0
429,2,12,0
429,2,13,0
429,2,14,0
429,2,15,0
429,2,16,0
429,2,17,0
429,2,18,0
429,2,19,0
429,2,20,0
429,2,21,0
429,2,22,0
429,2,23,0
429,2,24,0
429,2,25,0
429,2,26,0
429,2,27,0
429,2,28,0
429,2,29,0
429,2,30,0
429,2,31,0
429,2,32,0
429,2,33,0
429,2,34,0
429,2,35,0
429,2,36,0
429,2,37,0
429,2,38,0
429,2,39,0
429,2,40,0
429,2,41,0
429,2,42,0
429,2,43,0
429,2,44,0
429,2,45,0
429,2,46,0
429,2,47,0
429,2,48,0
429,2,49,0
429,2,50,0
429,2,51,0
429,2,52,0
429,2,53,0
429,2,54,0
429,2,55,0
429,2,56,0
429,2,57,0
429,2,58,0
429,2,59,0
429,2,60,0
429,2,61,0
429,2,62,0
429,2,63,0
Shot Number,Secondary Electron Number,Anode ID,Electrons in wire,Gas amplification  coefficient
,,,,1
467,1,0,0
467,1,1,0
467,1,2,1
467,1,3,0
467,1,4,0
467,1,5,0
467,1,6,0
467,1,7,0
467,1,8,0
467,1,9,0
467,1,10,0
467,1,11,0
467,1,12,0
467,1,13,0
467,1,14,0
467,1,15,0
467,1,16,0
467,1,17,0
467,1,18,0
467,1,19,0
467,1,20,0
467,1,21,0
467,1,22,0
467,1,23,0
467,1,24,0
467,1,25,0
467,1,26,0
467,1,27,0
467,1,28,0
467,1,29,0
467,1,30,0
467,1,31,0
467,1,32,0
467,1,33,0
467,1,34,0
467,1,35,0
467,1,36,0
467,1,37,0
467,1,38,0
467,1,39,0
467,1,40,0
467,1,41,0
467,1,42,0
467,1,43,0
467,1,44,0
467,1,45,0
467,1,46,0
467,1,47,0
467,1,48,0
467,1,49,0
467,1,50,0
467,1,51,0
467,1,52,0
467,1,53,0
467,1,54,0
467,1,55,0
467,1,56,0
467,1,57,0
467,1,58,0
467,1,59,0
467,1,60,0
467,1,61,0
467,1,62,0
467,1,63,0
,,,,1
467,2,0,0
467,2,1,0
467,2,2,2
467,2,3,0
467,2,4,0
467,2,5,0
467,2,6,0
467,2,7,0
467,2,8,0
467,2,9,0
467,2,10,0
467,2,11,0
467,2,12,0
467,2,13,0
467,2,14,0
467,2,15,0
467,2,16,0
467,2,17,0
467,2,18,0
467,2,19,0
467,2,20,0
467,2,21,0
467,2,22,0
467,2,23,0
467,2,24,0
467,2,25,0
467,2,26,0
467,2,27,0
467,2,28,0
467,2,29,0
467,2,30,0
467,2,31,0
467,2,32,0
467,2,33,0
467,2,34,0
467,2,35,0
467,2,36,0
467,2,37,0
467,2,38,0
467,2,39,0
467,2,40,0
467,2,41,0
467,2,42,0
467,2,43,0
467,2,44,0
467,2,45,0
467,2,46,0
467,2,47,0
467,2,48,0
467,2,49,0
467,2,50,0
467,2,51,0
467,2,52,0
467,2,53,0
467,2,54,0
467,2,55,0
467,2,56,0
467,2,57,0
467,2,58,0
467,2,59,0
467,2,60,0
467,2,61,0
467,2,62,0
467,2,63,0
Shot Number,Secondary Electron Number,Anode ID,Electrons in wire,Gas amplification  coefficient
,,,,1
487,1,0,0
487,1,1,0
487,1,2,1
487,1,3,0
487,1,4,0
487,1,5,0
487,1,6,0
487,1,7,0
487,1,8,0
487,1,9,0
487,1,10,0
487,1,11,0
487,1,12,0
487,1,13,0
487,1,14,0
487,1,15,0
487,1,16,0
487,1,17,0
487,1,18,0
487,1,19,0
487,1,20,0
487,1,21,0
487,1,22,0
487,1,23,0
487,1,24,0
487,1,25,0
487,1,26,0
487,1,27,0
487,1,28,0
487,1,29,0
487,1,30,0
487,1,31,0
487,1,32,0
487,1,33,0
487,1,34,0
487,1,35,0
487,1,36,0
487,1,37,0
487,1,38,0
487,1,39,0
487,1,40,0
487,1,41,0
487,1,42,0
487,1,43,0
487,1,44,0
487,1,45,0
487,1,46,0
487,1,47,0
487,1,48,0
487,1,49,0
487,1,50,0
487,1,51,0
487,1,52,0
487,1,53,0
487,1,54,0
487,1,55,0
487,1,56,0
487,1,57,0
487,1,58,0
487,1,59,0
487,1,60,0
487,1,61,0
487,1,62,0
487,1,63,0
,,,,1
487,2,0,0
487,2,1,0
487,2,2,2
487,2,3,0
487,2,4,0
487,2,5,0
487,2,6,0
487,2,7,0
487,2,8,0
487,2,9,0
487,2,10,0
487,2,11,0
487,2,12,0
487,2,13,0
487,2,14,0
487,2,15,0
487,2,16,0
487,2,17,0
487,2,18,0
487,2,19,0
487,2,20,0
487,2,21,0
487,2,22,0
487,2,23,0
487,2,24,0
487,2,25,0
487,2,26,0
487,2,27,0
487,2,28,0
487,2,29,0
487,2,30,0
487,2,31,0
487,2,32,0
487,2,33,0
487,2,34,0
487,2,35,0
487,2,36,0
487,2,37,0
487,2,38,0
487,2,39,0
487,2,40,0
487,2,41,0
487,2,42,0
487,2,43,0
487,2,44,0
487,2,45,0
487,2,46,0
487,2,47,0
487,2,48,0
487,2,49,0
487,2,50,0
487,2,51,0
487,2,52,0
487,2,53,0
487,2,54,0
487,2,55,0
487,2,56,0
487,2,57,0
487,2,58,0
487,2,59,0
487,2,60,0
487,2,61,0
487,2,62,0
487,2,63,0
Shot Number,Secondary Electron Number,Anode ID,Electrons in wire,Gas amplification  coefficient
,,,,1
488,1,0,0
488,1,1,0
488,1,2,0
488,1,3,0
488,1,4,1
488,1,5,0
488,1,6,0
488,1,7,0
488,1,8,0
488,1,9,0
488,1,10,0
488,1,11,0
488,1,12,0
488,1,13,0
488,1,14,0
488,1,15,0
488,1,16,0
488,1,17,0
488,1,18,0
488,1,19,0
488,1,20,0
488,1,21,0
488,1,22,0
488,1,23,0
488,1,24,0
488,1,25,0
488,1,26,0
488,1,27,0
488,1,28,0
488,1,29,0
488,1,30,0
488,1,31,0
488,1,32,0
488,1,33,0
488,1,34,0
488,1,35,0
488,1,36,0
488,1,37,0
488,1,38,0
488,1,39,0
488,1,40,0
488,1,41,0
488,1,42,0
488,1,43,0
488,1,44,0
488,1,45,0
488,1,46,0
488,1,47,0
488,1,48,0
488,1,49,0
488,1,50,0
488,1,51,0
488,1,52,0
488,1,53,0
488,1,54,0
488,1,55,0
488,1,56,0
488,1,57,0
488,1,58,0
488,1,59,0
488,1,60,0
488,1,61,0
488,1,62,0
488,1,63,0
,,,,1
488,2,0,0
488,2,1,0
488,2,2,0
488,2,3,0
488,2,4,2
488,2,5,0
488,2,6,0
488,2,7,0
488,2,8,0
488,2,9,0
488,2,10,0
488,2,11,0
488,2,12,0
488,2,13,0
488,2,14,0
488,2,15,0
488,2,16,0
488,2,17,0
488,2,18,0
488,2,19,0
488,2,20,0
488,2,21,0
488,2,22,0
488,2,23,0
488,2,24,0
488,2,25,0
488,2,26,0
488,2,27,0
488,2,28,0
488,2,29,0
488,2,30,0
488,2,31,0
488,2,32,0
488,2,33,0
488,2,34,0
488,2,35,0
488,2,36,0
488,2,37,0
488,2,38,0
488,2,39,0
488,2,40,0
488,2,41,0
488,2,42,0
488,2,43,0
488,2,44,0
488,2,45,0
488,2,46,0
488,2,47,0
488,2,48,0
488,2,49,0
488,2,50,0
488,2,51,0
488,2,52,0
488,2,53,0
488,2,54,0
488,2,55,0
488,2,56,0
488,2,57,0
488,2,58,0
488,2,59,0
488,2,60,0
488,2,61,0
488,2,62,0
488,2,63,0
Shot Number,Secondary Electron Number,Anode ID,Electrons in wire,Gas amplification  coefficient
,,,,1
499,1,0,0
499,1,1,0
499,1,2,0
499,1,3,1
499,1,4,0
499,1,5,0
499,1,6,0
499,1,7,0
499,1,8,0
499,1,9,0
499,1,10,0
499,1,11,0
499,1,12,0
499,1,13,0
499,1,14,0
499,1,15,0
499,1,16,0
499,1,17,0
499,1,18,0
499,1,19,0
499,1,20,0
499,1,21,0
499,1,22,0
499,1,23,0
499,1,24,0
499,1,25,0
499,1,26,0
499,1,27,0
499,1,28,0
499,1,29,0
499,1,30,0
499,1,31,0
499,1,32,0
499,1,33,0
499,1,34,0
499,1,35,0
499,1,36,0
499,1,37,0
499,1,38,0
499,1,39,0
499,1,40,0
499,1,41,0
499,1,42,0
499,1,43,0
499,1,44,0
499,1,45,0
499,1,46,0
499,1,47,0
499,1,48,0
499,1,49,0
499,1,50,0
499,1,51,0
499,1,52,0
499,1,53,0
499,1,54,0
499,1,55,0
499,1,56,0
499,1,57,0
499,1,58,0
499,1,59,0
499,1,60,0
499,1,61,0
499,1,62,0
499,1,63,0
,,,,1
499,2,0,0
499,2,1,0
499,2,2,0
499,2,3,1
499,2,4,1
499,2,5,0
499,2,6,0
499,2,7,0
499,2,8,0
499,2,9,0
499,2,10,0
499,2,11,0
499,2,12,0
499,2,13,0
499,2,14,0
499,2,15,0
499,2,16,0
499,2,17,0
499,2,18,0
499,2,19,0
499,2,20,0
499,2,21,0
499,2,22,0
499,2,23,0
499,2,24,0
499,2,25,0
499,2,26,0
499,2,27,0
499,2,28,0
499,2,29,0
499,2,30,0
499,2,31,0
499,2,32,0
499,2,33,0
499,2,34,0
499,2,35,0
499,2,36,0
499,2,37,0
499,2,38,0
499,2,39,0
499,2,40,0
499,2,41,0
499,2,42,0
499,2,43,0
499,2,44,0
499,2,45,0
499,2,46,0
499,2,47,0
499,2,48,0
499,2,49,0
499,2,50,0
499,2,51,0
499,2,52,0
499,2,53,0
499,2,54,0
499,2,55,0
499,2,56,0
499,2,57,0
499,2,58,0
499,2,59,0
499,2,60,0
499,2,61,0
499,2,62,0
499,2,63,0
Shot Number,Secondary Electron Number,Anode ID,Electrons in wire,Gas amplification  coefficient
,,,,1
500,1,0,0
500,1,1,0
500,1,2,0
500,1,3,0
500,1,4,1
500,1,5,0
500,1,6,0
500,1,7,0
500,1,8,0
500,1,9,0
500,1,10,0
500,1,11,0
500,1,12,0
500,1,13,0
500,1,14,0
500,1,15,0
500,1,16,0
500,1,17,0
500,1,18,0
500,1,19,0
500,1,20,0
500,1,21,0
500,1,22,0
500,1,23,0
500,1,24,0
500,1,25,0
500,1,26,0
500,1,27,0
500,1,28,0
500,1,29,0
500,1,30,0
500,1,31,0
500,1,32,0
500,1,33,0
500,1,34,0
500,1,35,0
500,1,36,0
500,1,37,0
500,1,38,0
500,1,39,0
500,1,40,0
500,1,41,0
500,1,42,0
500,1,43,0
500,1,44,0
500,1,45,0
500,1,46,0
500,1,47,0
500,1,48,0
500,1,49,0
500,1,50,0
500,1,51,0
500,1,52,0
500,1,53,0
500,1,54,0
500,1,55,0
500,1,56,0
500,1,57,0
500,1,58,0
500,1,59,0
500,1,60,0
500,1,61,0
500,1,62,0
500,1,63,0
,,,,1
500,2,0,0
500,2,1,0
500,2,2,0
500,2,3,0
500,2,4,2
500,2,5,0
500,2,6,0
500,2,7,0
500,2,8,0
500,2,9,0
500,2,10,0
500,2,11,0
500,2,12,0
500,2,13,0
500,2,14,0
500,2,15,0
500,2,16,0
500,2,17,0
500,2,18,0
500,2,19,0
500,2,20,0
500,2,21,0
500,2,22,0
500,2,23,0
500,2,24,0
500,2,25,0
500,2,26,0
500,2,27,0
500,2,28,0
500,2,29,0
500,2,30,0
500,2,31,0
500,2,32,0
500,2,33,0
500,2,34,0
500,2,35,0
500,2,36,0
500,2,37,0
500,2,38,0
500,2,39,0
500,2,40,0
500,2,41,0
500,2,42,0
500,2,43,0
500,2,44,0
500,2,45,0
500,2,46,0
500,2,47,0
500,2,48,0
500,2,49,0
500,2,50,0
500,2,51,0
500,2,52,0
500,2,53,0
500,2,54,0
500,2,55,0
500,2,56,0
500,2,57,0
500,2,58,0
500,2,59,0
500,2,60,0
500,2,61,0
500,2,62,0
500,2,63,0
Shot Number,Secondary Electron Number,Anode ID,Electrons in wire,Gas amplification  coefficient
,,,,1
505,1,0,0
505,1,1,0
505,1,2,0
505,1,3,0
505,1,4,0
505,1,5,1
505,1,6,0
505,1,7,0
505,1,8,0
505,1,9,0
505,1,10,0
505,1,11,0
505,1,12,0
505,1,13,0
505,1,14,0
505,1,15,0
505,1,16,0
505,1,17,0
505,1,18,0
505,1,19,0
505,1,20,0
505,1,21,0
505,1,22,0
505,1,23,0
505,1,24,0
505,1,25,0
505,1,26,0
505,1,27,0
505,1,28,0
505,1,29,0
505,1,30,0
505,1,31,0
505,1,32,0
505,1,33,0
505,1,34,0
505,1,35,0
505,1,36,0
505,1,37,0
505,1,38,0
505,1,39,0
505,1,40,0
505,1,41,0
505,1,42,0
505,1,43,0
505,1,44,0
505,1,45,0
505,1,46,0
505,1,47,0
505,1,48,0
505,1,49,0
505,1,50,0
505,1,51,0
505,1,52,0
505,1,53,0
505,1,54,0
505,1,55,0
505,1,56,0
505,1,57,0
505,1,58,0
505,1,59,0
505,1,60,0
505,1,61,0
505,1,62,0
505,1,63,0
,,,,1
505,2,0,0
505,2,1,0
505,2,2,0
505,2,3,0
505,2,4,0
505,2,5,2
505,2,6,0
505,2,7,0
505,2,8,0
505,2,9,0
505,2,10,0
505,2,11,0
505,2,12,0
505,2,13,0
505,2,14,0
505,2,15,0
505,2,16,0
505,2,17,0
505,2,18,0
505,2,19,0
505,2,20,0
505,2,21,0
505,2,22,0
505,2,23,0
505,2,24,0
505,2,25,0
505,2,26,0
505,2,27,0
505,2,28,0
505,2,29,0
505,2,30,0
505,2,31,0
505,2,32,0
505,2,33,0
505,2,34,0
505,2,35,0
505,2,36,0
505,2,37,0
505,2,38,0
505,2,39,0
505,2,40,0
505,2,41,0
505,2,42,0
505,2,43,0
505,2,44,0
505,2,45,0
505,2,46,0
505,2,47,0
505,2,48,0
505,2,49,0
505,2,50,0
505,2,51,0
505,2,52,0
505,2,53,0
505,2,54,0
505,2,55,0
505,2,56,0
505,2,57,0
505,2,58,0
505,2,59,0
505,2,60,0
505,2,61,0
505,2,62,0
505,2,63,0
Shot Number,Secondary Electron Number,Anode ID,Electrons in wire,Gas amplification  coefficient
,,,,1
538,1,0,0
538,1,1,0
538,1,2,0
538,1,3,0
538,1,4,1
538,1,5,0
538,1,6,0
538,1,7,0
538,1,8,0
538,1,9,0
538,1,10,0
538,1,11,0
538,1,12,0
538,1,13,0
538,1,14,0
538,1,15,0
538,1,16,0
538,1,17,0
538,1,18,0
538,1,19,0
538,1,20,0
538,1,21,0
538,1,22,0
538,1,23,0
538,1,24,0
538,1,25,0
538,1,26,0
538,1,27,0
538,1,28,0
538,1,29,0
538,1,30,0
538,1,31,0
538,1,32,0
538,1,33,0
538,1,34,0
538,1,35,0
538,1,36,0
538,1,37,0
538,1,38,0
538,1,39,0
538,1,40,0
538,1,41,0
538,1,42,0
538,1,43,0
538,1,44,0
538,1,45,0
538,1,46,0
538,1,47,0
538,1,48,0
538,1,49,0
538,1,50,0
538,1,51,0
538,1,52,0
538,1,53,0
538,1,54,0
538,1,55,0
538,1,56,0
538,1,57,0
538,1,58,0
538,1,59,0
538,1,60,0
538,1,61,0
538,1,62,0
538,1,63,0
,,,,1
538,2,0,0
538,2,1,0
538,2,2,0
538,2,3,1
538,2,4,1
538,2,5,0
538,2,6,0
538,2,7,0
538,2,8,0
538,2,9,0
538,2,10,0
538,2,11,0
538,2,12,0
538,2,13,0
538,2,14,0
538,2,15,0
538,2,16,0
538,2,17,0
538,2,18,0
538,2,19,0
538,2,20,0
538,2,21,0
538,2,22,0
538,2,23,0
538,2,24,0
538,2,25,0
538,2,26,0
538,2,27,0
538,2,28,0
538,2,29,0
538,2,30,0
538,2,31,0
538,2,32,0
538,2,33,0
538,2,34,0
538,2,35,0
538,2,36,0
538,2,37,0
538,2,38,0
538,2,39,0
538,2,40,0
538,2,41,0
538,2,42,0
538,2,43,0
538,2,44,0
538,2,45,0
538,2,46,0
538,2,47,0
538,2,48,0
538,2,49,0
538,2,50,0
538,2,51,0
538,2,52,0
538,2,53,0
538,2,54,0
538,2,55,0
538,2,56,0
538,2,57,0
538,2,58,0
538,2,59,0
538,2,60,0
538,2,61,0
538,2,62,0
538,2,63,0
Shot Number,Secondary Electron Number,Anode ID,Electrons in wire,Gas amplification  coefficient
,,,,1
544,1,0,0
544,1,1,0
544,1,2,0
544,1,3,0
544,1,4,0
544,1,5,1
544,1,6,0
544,1,7,0
544,1,8,0
544,1,9,0
544,1,10,0
544,1,11,0
544,1,12,0
544,1,13,0
544,1,14,0
544,1,15,0
544,1,16,0
544,1,17,0
544,1,18,0
544,1,19,0
544,1,20,0
544,1,21,0
544,1,22,0
544,1,23,0
544,1,24,0
544,1,25,0
544,1,26,0
544,1,27,0
544,1,28,0
544,1,29,0
544,1,30,0
544,1,31,0
544,1,32,0
544,1,33,0
544,1,34,0
544,1,35,0
544,1,36,0
544,1,37,0
544,1,38,0
544,1,39,0
544,1,40,0
544,1,41,0
544,1,42,0
544,1,43,0
544,1,44,0
544,1,45,0
544,1,46,0
544,1,47,0
544,1,48,0
544,1,49,0
544,1,50,0
544,1,51,0
544,1,52,0
544,1,53,0
544,1,54,0
544,1,55,0
544,1,56,0
544,1,57,0
544,1,58,0
544,1,59,0
544,1,60,0
544,1,61,0
544,1,62,0
544,1,63,0
,,,,1
544,2,0,0
544,2,1,0
544,2,2,0
544,2,3,0
544,2,4,0
544,2,5,2
544,2,6,0
544,2,7,0
544,2,8,0
544,2,9,0
544,2,10,0
544,2,11,0
544,2,12,0
544,2,13,0
544,2,14,0
544,2,15,0
544,2,16,0
544,2,17,0
544,2,18,0
544,2,19,0
544,2,20,0
544,2,21,0
544,2,22,0
544,2,23,0
544,2,24,0
544,2,25,0
544,2,26,0
544,2,27,0
544,2,28,0
544,2,29,0
544,2,30,0
544,2,31,0
544,2,32,0
544,2,33,0
544,2,34,0
544,2,35,0
544,2,36,0
544,2,37,0
544,2,38,0
544,2,39,0
544,2,40,0
544,2,41,0
544,2,42,0
544,2,43,0
544,2,44,0
544,2,45,0
544,2,46,0
544,2,47,0
544,2,48,0
544,2,49,0
544,2,50,0
544,2,51,0
544,2,52,0
544,2,53,0
544,2,54,0
544,2,55,0
544,2,56,0
544,2,57,0
544,2,58,0
544,2,59,0
544,2,60,0
544,2,61,0
544,2,62,0
544,2,63,0
Shot Number,Secondary Electron Number,Anode ID,Electrons in wire,Gas amplification  coefficient
,,,,1
560,1,0,0
560,1,1,0
560,1,2,0
560,1,3,0
560,1,4,1
560,1,5,0
560,1,6,0
560,1,7,0
560,1,8,0
560,1,9,0
560,1,10,0
560,1,11,0
560,1,12,0
560,1,13,0
560,1,14,0
560,1,15,0
560,1,16,0
560,1,17,0
560,1,18,0
560,1,19,0
560,1,20,0
560,1,21,0
560,1,22,0
560,1,23,0
560,1,24,0
560,1,25,0
560,1,26,0
560,1,27,0
560,1,28,0
560,1,29,0
560,1,30,0
560,1,31,0
560,1,32,0
560,1,33,0
560,1,34,0
560,1,35,0
560,1,36,0
560,1,37,0
560,1,38,0
560,1,39,0
560,1,40,0
560,1,41,0
560,1,42,0
560,1,43,0
560,1,44,0
560,1,45,0
560,1,46,0
560,1,47,0
560,1,48,0
560,1,49,0
560,1,50,0
560,1,51,0
560,1,52,0
560,1,53,0
560,1,54,0
560,1,55,0
560,1,56,0
560,1,57,0
560,1,58,0
560,1,59,0
560,1,60,0
560,1,61,0
560,1,62,0
560,1,63,0
,,,,1
560,2,0,0
560,2,1,0
560,2,2,0
560,2,3,0
560,2,4,1
560,2,5,1
560,2,6,0
560,2,7,0
560,2,8,0
560,2,9,0
560,2,10,0
560,2,11,0
560,2,12,0
560,2,13,0
560,2,14,0
560,2,15,0
560,2,16,0
560,2,17,0
560,2,18,0
560,2,19,0
560,2,20,0
560,2,21,0
560,2,22,0
560,2,23,0
560,2,24,0
560,2,25,0
560,2,26,0
560,2,27,0
560,2,28,0
560,2,29,0
560,2,30,0
560,2,31,0
560,2,32,0
560,2,33,0
560,2,34,0
560,2,35,0
560,2,36,0
560,2,37,0
560,2,38,0
560,2,39,0
560,2,40,0
560,2,41,0
560,2,42,0
560,2,43,0
560,2,44,0
560,2,45,0
560,2,46,0
560,2,47,0
560,2,48,0
560,2,49,0
560,2,50,0
560,2,51,0
560,2,52,0
560,2,53,0
560,2,54,0
560,2,55,0
560,2,56,0
560,2,57,0
560,2,58,0
560,2,59,0
560,2,60,0
560,2,61,0
560,2,62,0
560,2,63,0
Shot Number,Secondary Electron Number,Anode ID,Electrons in wire,Gas amplification  coefficient
,,,,1
583,1,0,0
583,1,1,0
583,1,2,0
583,1,3,0
583,1,4,1
583,1,5,0
583,1,6,0
583,1,7,0
583,1,8,0
583,1,9,0
583,1,10,0
583,1,11,0
583,1,12,0
583,1,13,0
583,1,14,0
583,1,15,0
583,1,16,0
583,1,17,0
583,1,18,0
583,1,19,0
583,1,20,0
583,1,21,0
583,1,22,0
583,1,23,0
583,1,24,0
583,1,25,0
583,1,26,0
583,1,27,0
583,1,28,0
583,1,29,0
583,1,30,0
583,1,31,0
583,1,32,0
583,1,33,0
583,1,34,0
583,1,35,0
583,1,36,0
583,1,37,0
583,1,38,0
583,1,39,0
583,1,40,0
583,1,41,0
583,1,42,0
583,1,43,0
583,1,44,0
583,1,45,0
583,1,46,0
583,1,47,0
583,1,48,0
583,1,49,0
583,1,50,0
583,1,51,0
583,1,52,0
583,1,53,0
583,1,54,0
583,1,55,0
583,1,56,0
583,1,57,0
583,1,58,0
583,1,59,0
583,1,60,0
583,1,61,0
583,1,62,0
583,1,63,0
,,,,1
583,2,0,0
583,2,1,0
583,2,2,0
583,2,3,0
583,2,4,2
583,2,5,0
583,2,6,0
583,2,7,0
583,2,8,0
583,2,9,0
583,2,10,0
583,2,11,0
583,2,12,0
583,2,13,0
583,2,14,0
583,2,15,0
583,2,16,0
583,2,17,0
583,2,18,0
583,2,19,0
583,2,20,0
583,2,21,0
583,2,22,0
583,2,23,0
583,2,24,0
583,2,25,0
583,2,26,0
583,2,27,0
583,2,28,0
583,2,29,0
583,2,30,0
583,2,31,0
583,2,32,0
583,2,33,0
583,2,34,0
583,2,35,0
583,2,36,0
583,2,37,0
583,2,38,0
583,2,39,0
583,2,40,0
583,2,41,0
583,2,42,0
583,2,43,0
583,2,44,0
583,2,45,0
583,2,46,0
583,2,47,0
583,2,48,0
583,2,49,0
583,2,50,0
583,2,51,0
583,2,52,0
583,2,53,0
583,2,54,0
583,2,55,0
583,2,56,0
583,2,57,0
583,2,58,0
583,2,59,0
583,2,60,0
583,2,61,0
583,2,62,0
583,2,63,0
Shot Number,Secondary Electron Number,Anode ID,Electrons in wire,Gas amplification  coefficient
,,,,1
589,1,0,0
589,1,1,1
589,1,2,0
589,1,3,0
589,1,4,0
589,1,5,0
589,1,6,0
589,1,7,0
589,1,8,0
589,1,9,0
589,1,10,0
589,1,11,0
589,1,12,0
589,1,13,0
589,1,14,0
589,1,15,0
589,1,16,0
589,1,17,0
589,1,18,0
589,1,19,0
589,1,20,0
589,1,21,0
589,1,22,0
589,1,23,0
589,1,24,0
589,1,25,0
589,1,26,0
589,1,27,0
589,1,28,0
589,1,29,0
589,1,30,0
589,1,31,0
589,1,32,0
589,1,33,0
589,1,34,0
589,1,35,0
589,1,36,0
589,1,37,0
589,1,38,0
589,1,39,0
589,1,40,0
589,1,41,0
589,1,42,0
589,1,43,0
589,1,44,0
589,1,45,0
589,1,46,0
589,1,47,0
589,1,48,0
589,1,49,0
589,1,50,0
589,1,51,0
589,1,52,0
589,1,53,0
589,1,54,0
589,1,55,0
589,1,56,0
589,1,57,0
589,1,58,0
589,1,59,0
589,1,60,0
589,1,61,0
589,1,62,0
589,1,63,0
,,,,1
589,2,0,0
589,2,1,2
589,2,2,0
589,2,3,0
589,2,4,0
589,2,5,0
589,2,6,0
589,2,7,0
589,2,8,0
589,2,9,0
589,2,10,0
589,2,11,0
589,2,12,0
589,2,13,0
589,2,14,0
589,2,15,0
589,2,16,0
589,2,17,0
589,2,18,0
589,2,19,0
589,2,20,0
589,2,21,0
589,2,22,0
589,2,23,0
589,2,24,0
589,2,25,0
589,2,26,0
589,2,27,0
589,2,28,0
589,2,29,0
589,2,30,0
589,2,31,0
589,2,32,0
589,2,33,0
589,2,34,0
589,2,35,0
589,2,36,0
589,2,37,0
589,2,38,0
589,2,39,0
589,2,40,0
589,2,41,0
589,2,42,0
589,2,43,0
589,2,44,0
589,2,45,0
589,2,46,0
589,2,47,0
589,2,48,0
589,2,49,0
589,2,50,0
589,2,51,0
589,2,52,0
589,2,53,0
589,2,54,0
589,2,55,0
589,2,56,0
589,2,57,0
589,2,58,0
589,2,59,0
589,2,60,0
589,2,61,0
589,2,62,0
589,2,63,0
Shot Number,Secondary Electron Number,Anode ID,Electrons in wire,Gas amplification  coefficient
,,,,1
590,1,0,0
590,1,1,0
590,1,2,1
590,1,3,0
590,1,4,0
590,1,5,0
590,1,6,0
590,1,7,0
590,1,8,0
590,1,9,0
590,1,10,0
590,1,11,0
590,1,12,0
590,1,13,0
590,1,14,0
590,1,15,0
590,1,16,0
590,1,17,0
590,1,18,0
590,1,19,0
590,1,20,0
590,1,21,0
590,1,22,0
590,1,23,0
590,1,24,0
590,1,25,0
590,1,26,0
590,1,27,0
590,1,28,0
590,1,29,0
590,1,30,0
590,1,31,0
590,1,32,0
590,1,33,0
590,1,34,0
590,1,35,0
590,1,36,0
590,1,37,0
590,1,38,0
590,1,39,0
590,1,40,0
590,1,41,0
590,1,42,0
590,1,43,0
590,1,44,0
590,1,45,0
590,1,46,0
590,1,47,0
590,1,48,0
590,1,49,0
590,1,50,0
590,1,51,0
590,1,52,0
590,1,53,0
590,1,54,0
590,1,55,0
590,1,56,0
590,1,57,0
590,1,58,0
590,1,59,0
590,1,60,0
590,1,61,0
590,1,62,0
590,1,63,0
,,,,1
590,2,0,0
590,2,1,0
590,2,2,2
590,2,3,0
590,2,4,0
590,2,5,0
590,2,6,0
590,2,7,0
590,2,8,0
590,2,9,0
590,2,10,0
590,2,11,0
590,2,12,0
590,2,13,0
590,2,14,0
590,2,15,0
590,2,16,0
590,2,17,0
590,2,18,0
590,2,19,0
590,2,20,0
590,2,21,0
590,2,22,0
590,2,23,0
590,2,24,0
590,2,25,0
590,2,26,0
590,2,27,0
590,2,28,0
590,2,29,0
590,2,30,0
590,2,31,0
590,2,32,0
590,2,33,0
590,2,34,0
590,2,35,0
590,2,36,0
590,2,37,0
590,2,38,0
590,2,39,0
590,2,40,0
590,2,41,0
590,2,42,0
590,2,43,0
590,2,44,0
590,2,45,0
590,2,46,0
590,2,47,0
590,2,48,0
590,2,49,0
590,2,50,0
590,2,51,0
590,2,52,0
590,2,53,0
590,2,54,0
590,2,55,0
590,2,56,0
590,2,57,0
590,2,58,0
590,2,59,0
590,2,60,0
590,2,61,0
590,2,62,0
590,2,63,0
Shot Number,Secondary Electron Number,Anode ID,Electrons in wire,Gas amplification  coefficient
,,,,1
598,1,0,0
598,1,1,0
598,1,2,1
598,1,3,0
598,1,4,0
598,1,5,0
598,1,6,0
598,1,7,0
598,1,8,0
598,1,9,0
598,1,10,0
598,1,11,0
598,1,12,0
598,1,13,0
598,1,14,0
598,1,15,0
598,1,16,0
598,1,17,0
598,1,18,0
598,1,19,0
598,1,20,0
598,1,21,0
598,1,22,0
598,1,23,0
598,1,24,0
598,1,25,0
598,1,26,0
598,1,27,0
598,1,28,0
598,1,29,0
598,1,30,0
598,1,31,0
598,1,32,0
598,1,33,0
598,1,34,0
598,1,35,0
598,1,36,0
598,1,37,0
598,1,38,0
598,1,39,0
598,1,40,0
598,1,41,0
598,1,42,0
598,1,43,0
598,1,44,0
598,1,45,0
598,1,46,0
598,1,47,0
598,1,48,0
598,1,49,0
598,1,50,0
598,1,51,0
598,1,52,0
598,1,53,0
598,1,54,0
598,1,55,0
598,1,56,0
598,1,57,0
598,1,58,0
598,1,59,0
598,1,60,0
598,1,61,0
598,1,62,0
598,1,63,0
,,,,1.5
598,2,0,0
598,2,1,0
598,2,2,3
598,2,3,0
598,2,4,0
598,2,5,0
598,2,6,0
598,2,7,0
598,2,8,0
598,2,9,0
598,2,10,0
598,2,11,0
598,2,12,0
598,2,13,0
598,2,14,0
598,2,15,0
598,2,16,0
598,2,17,0
598,2,18,0
598,2,19,0
598,2,20,0
598,2,21,0
598,2,22,0
598,2,23,0
598,2,24,0
598,2,25,0
598,2,26,0
598,2,27,0
598,2,28,0
598,2,29,0
598,2,30,0
598,2,31,0
598,2,32,0
598,2,33,0
598,2,34,0
598,2,35,0
598,2,36,0
598,2,37,0
598,2,38,0
598,2,39,0
598,2,40,0
598,2,41,0
598,2,42,0
598,2,43,0
598,2,44,0
598,2,45,0
598,2,46,0
598,2,47,0
598,2,48,0
598,2,49,0
598,2,50,0
598,2,51,0
598,2,52,0
598,2,53,0
598,2,54,0
598,2,55,0
598,2,56,0
598,2,57,0
598,2,58,0
598,2,59,0
598,2,60,0
598,2,61,0
598,2,62,0
598,2,63,0
Shot Number,Secondary Electron Number,Anode ID,Electrons in wire,Gas amplification  coefficient
,,,,1
604,1,0,0
604,1,1,0
604,1,2,0
604,1,3,0
604,1,4,0
604,1,5,1
604,1,6,0
604,1,7,0
604,1,8,0
604,1,9,0
604,1,10,0
604,1,11,0
604,1,12,0
604,1,13,0
604,1,14,0
604,1,15,0
604,1,16,0
604,1,17,0
604,1,18,0
604,1,19,0
604,1,20,0
604,1,21,0
604,1,22,0
604,1,23,0
604,1,24,0
604,1,25,0
604,1,26,0
604,1,27,0
604,1,28,0
604,1,29,0
604,1,30,0
604,1,31,0
604,1,32,0
604,1,33,0
604,1,34,0
604,1,35,0
604,1,36,0
604,1,37,0
604,1,38,0
604,1,39,0
604,1,40,0
604,1,41,0
604,1,42,0
604,1,43,0
604,1,44,0
604,1,45,0
604,1,46,0
604,1,47,0
604,1,48,0
604,1,49,0
604,1,50,0
604,1,51,0
604,1,52,0
604,1,53,0
604,1,54,0
604,1,55,0
604,1,56,0
604,1,57,0
604,1,58,0
604,1,59,0
604,1,60,0
604,1,61,0
604,1,62,0
604,1,63,0
,,,,1
604,2,0,0
604,2,1,0
604,2,2,0
604,2,3,0
604,2,4,0
604,2,5,2
604,2,6,0
604,2,7,0
604,2,8,0
604,2,9,0
604,2,10,0
604,2,11,0
604,2,12,0
604,2,13,0
604,2,14,0
604,2,15,0
604,2,16,0
604,2,17,0
604,2,18,0
604,2,19,0
604,2,20,0
604,2,21,0
604,2,22,0
604,2,23,0
604,2,24,0
604,2,25,0
604,2,26,0
604,2,27,0
604,2,28,0
604,2,29,0
604,2,30,0
604,2,31,0
604,2,32,0
604,2,33,0
604,2,34,0
604,2,35,0
604,2,36,0
604,2,37,0
604,2,38,0
604,2,39,0
604,2,40,0
604,2,41,0
604,2,42,0
604,2,43,0
604,2,44,0
604,2,45,0
604,2,46,0
604,2,47,0
604,2,48,0
604,2,49,0
604,2,50,0
604,2,51,0
604,2,52,0
604,2,53,0
604,2,54,0
604,2,55,0
604,2,56,0
604,2,57,0
604,2,58,0
604,2,59,0
604,2,60,0
604,2,61,0
604,2,62,0
604,2,63,0
Shot Number,Secondary Electron Number,Anode ID,Electrons in wire,Gas amplification  coefficient
,,,,1
619,1,0,0
619,1,1,0
619,1,2,0
619,1,3,0
619,1,4,1
619,1,5,0
619,1,6,0
619,1,7,0
619,1,8,0
619,1,9,0
619,1,10,0
619,1,11,0
619,1,12,0
619,1,13,0
619,1,14,0
619,1,15,0
619,1,16,0
619,1,17,0
619,1,18,0
619,1,19,0
619,1,20,0
619,1,21,0
619,1,22,0
619,1,23,0
619,1,24,0
619,1,25,0
619,1,26,0
619,1,27,0
619,1,28,0
619,1,29,0
619,1,30,0
619,1,31,0
619,1,32,0
619,1,33,0
619,1,34,0
619,1,35,0
619,1,36,0
619,1,37,0
619,1,38,0
619,1,39,0
619,1,40,0
619,1,41,0
619,1,42,0
619,1,43,0
619,1,44,0
619,1,45,0
619,1,46,0
619,1,47,0
619,1,48,0
619,1,49,0
619,1,50,0
619,1,51,0
619,1,52,0
619,1,53,0
619,1,54,0
619,1,55,0
619,1,56,0
619,1,57,0
619,1,58,0
619,1,59,0
619,1,60,0
619,1,61,0
619,1,62,0
619,1,63,0
,,,,1
619,2,0,0
619,2,1,0
619,2,2,0
619,2,3,0
619,2,4,2
619,2,5,0
619,2,6,0
619,2,7,0
619,2,8,0
619,2,9,0
619,2,10,0
619,2,11,0
619,2,12,0
619,2,13,0
619,2,14,0
619,2,15,0
619,2,16,0
619,2,17,0
619,2,18,0
619,2,19,0
619,2,20,0
619,2,21,0
619,2,22,0
619,2,23,0
619,2,24,0
619,2,25,0
619,2,26,0
619,2,27,0
619,2,28,0
619,2,29,0
619,2,30,0
619,2,31,0
619,2,32,0
619,2,33,0
619,2,34,0
619,2,35,0
619,2,36,0
619,2,37,0
619,2,38,0
619,2,39,0
619,2,40,0
619,2,41,0
619,2,42,0
619,2,43,0
619,2,44,0
619,2,45,0
619,2,46,0
619,2,47,0
619,2,48,0
619,2,49,0
619,2,50,0
619,2,51,0
619,2,52,0
619,2,53,0
619,2,54,0
619,2,55,0
619,2,56,0
619,2,57,0
619,2,58,0
619,2,59,0
619,2,60,0
619,2,61,0
619,2,62,0
619,2,63,0
Shot Number,Secondary Electron Number,Anode ID,Electrons in wire,Gas amplification  coefficient
,,,,1
632,1,0,0
632,1,1,0
632,1,2,1
632,1,3,0
632,1,4,0
632,1,5,0
632,1,6,0
632,1,7,0
632,1,8,0
632,1,9,0
632,1,10,0
632,1,11,0
632,1,12,0
632,1,13,0
632,1,14,0
632,1,15,0
632,1,16,0
632,1,17,0
632,1,18,0
632,1,19,0
632,1,20,0
632,1,21,0
632,1,22,0
632,1,23,0
632,1,24,0
632,1,25,0
632,1,26,0
632,1,27,0
632,1,28,0
632,1,29,0
632,1,30,0
632,1,31,0
632,1,32,0
632,1,33,0
632,1,34,0
632,1,35,0
632,1,36,0
632,1,37,0
632,1,38,0
632,1,39,0
632,1,40,0
632,1,41,0
632,1,42,0
632,1,43,0
632,1,44,0
632,1,45,0
632,1,46,0
632,1,47,0
632,1,48,0
632,1,49,0
632,1,50,0
632,1,51,0
632,1,52,0
632,1,53,0
632,1,54,0
632,1,55,0
632,1,56,0
632,1,57,0
632,1,58,0
632,1,59,0
632,1,60,0
632,1,61,0
632,1,62,0
632,1,63,0
,,,,1
632,2,0,0
632,2,1,0
632,2,2,2
632,2,3,0
632,2,4,0
632,2,5,0
632,2,6,0
632,2,7,0
632,2,8,0
632,2,9,0
632,2,10,0
632,2,11,0
632,2,12,0
632,2,13,0
632,2,14,0
632,2,15,0
632,2,16,0
632,2,17,0
632,2,18,0
632,2,19,0
632,2,20,0
632,2,21,0
632,2,22,0
632,2,23,0
632,2,24,0
632,2,25,0
632,2,26,0
632,2,27,0
632,2,28,0
632,2,29,0
632,2,30,0
632,2,31,0
632,2,32,0
632,2,33,0
632,2,34,0
632,2,35,0
632,2,36,0
632,2,37,0
632,2,38,0
632,2,39,0
632,2,40,0
632,2,41,0
632,2,42,0
632,2,43,0
632,2,44,0
632,2,45,0
632,2,46,0
632,2,47,0
632,2,48,0
632,2,49,0
632,2,50,0
632,2,51,0
632,2,52,0
632,2,53,0
632,2,54,0
632,2,55,0
632,2,56,0
632,2,57,0
632,2,58,0
632,2,59,0
632,2,60,0
632,2,61,0
632,2,62,0
632,2,63,0
Shot Number,Secondary Electron Number,Anode ID,Electrons in wire,Gas amplification  coefficient
,,,,1
639,1,0,0
639,1,1,0
639,1,2,0
639,1,3,0
639,1,4,1
639,1,5,0
639,1,6,0
639,1,7,0
639,1,8,0
639,1,9,0
639,1,10,0
639,1,11,0
639,1,12,0
639,1,13,0
639,1,14,0
639,1,15,0
639,1,16,0
639,1,17,0
639,1,18,0
639,1,19,0
639,1,20,0
639,1,21,0
639,1,22,0
639,1,23,0
639,1,24,0
639,1,25,0
639,1,26,0
639,1,27,0
639,1,28,0
639,1,29,0
639,1,30,0
639,1,31,0
639,1,32,0
639,1,33,0
639,1,34,0
639,1,35,0
639,1,36,0
639,1,37,0
639,1,38,0
639,1,39,0
639,1,40,0
639,1,41,0
639,1,42,0
639,1,43,0
639,1,44,0
639,1,45,0
639,1,46,0
639,1,47,0
639,1,48,0
639,1,49,0
639,1,50,0
639,1,51,0
639,1,52,0
639,1,53,0
639,1,54,0
639,1,55,0
639,1,56,0
639,1,57,0
639,1,58,0
639,1,59,0
639,1,60,0
639,1,61,0
639,1,62,0
639,1,63,0
,,,,1
639,2,0,0
639,2,1,0
639,2,2,0
639,2,3,0
639,2,4,2
639,2,5,0
639,2,6,0
639,2,7,0
639,2,8,0
639,2,9,0
639,2,10,0
639,2,11,0
639,2,12,0
639,2,13,0
639,2,14,0
639,2,15,0
639,2,16,0
639,2,17,0
639,2,18,0
639,2,19,0
639,2,20,0
639,2,21,0
639,2,22,0
639,2,23,0
639,2,24,0
639,2,25,0
639,2,26,0
639,2,27,0
639,2,28,0
639,2,29,0
639,2,30,0
639,2,31,0
639,2,32,0
639,2,33,0
639,2,34,0
639,2,35,0
639,2,36,0
639,2,37,0
639,2,38,0
639,2,39,0
639,2,40,0
639,2,41,0
639,2,42,0
639,2,43,0
639,2,44,0
639,2,45,0
639,2,46,0
639,2,47,0
639,2,48,0
639,2,49,0
639,2,50,0
639,2,51,0
639,2,52,0
639,2,53,0
639,2,54,0
639,2,55,0
639,2,56,0
639,2,57,0
639,2,58,0
639,2,59,0
639,2,60,0
639,2,61,0
639,2,62,0
639,2,63,0
Shot Number,Secondary Electron Number,Anode ID,Electrons in wire,Gas amplification  coefficient
,,,,1
669,1,0,0
669,1,1,1
669,1,2,0
669,1,3,0
669,1,4,0
669,1,5,0
669,1,6,0
669,1,7,0
669,1,8,0
669,1,9,0
669,1,10,0
669,1,11,0
669,1,12,0
669,1,13,0
669,1,14,0
669,1,15,0
669,1,16,0
669,1,17,0
669,1,18,0
669,1,19,0
669,1,20,0
669,1,21,0
669,1,22,0
669,1,23,0
669,1,24,0
669,1,25,0
669,1,26,0
669,1,27,0
669,1,28,0
669,1,29,0
669,1,30,0
669,1,31,0
669,1,32,0
669,1,33,0
669,1,34,0
669,1,35,0
669,1,36,0
669,1,37,0
669,1,38,0
669,1,39,0
669,1,40,0
669,1,41,0
669,1,42,0
669,1,43,0
669,1,44,0
669,1,45,0
669,1,46,0
669,1,47,0
669,1,48,0
669,1,49,0
669,1,50,0
669,1,51,0
669,1,52,0
669,1,53,0
669,1,54,0
669,1,55,0
669,1,56,0
669,1,57,0
669,1,58,0
669,1,59,0
669,1,60,0
669,1,61,0
669,1,62,0
669,1,63,0
,,,,1
669,2,0,0
669,2,1,2
669,2,2,0
669,2,3,0
669,2,4,0
669,2,5,0
669,2,6,0
669,2,7,0
669,2,8,0
669,2,9,0
669,2,10,0
669,2,11,0
669,2,12,0
669,2,13,0
669,2,14,0
669,2,15,0
669,2,16,0
669,2,17,0
669,2,18,0
669,2,19,0
669,2,20,0
669,2,21,0
669,2,22,0
669,2,23,0
669,2,24,0
669,2,25,0
669,2,26,0
669,2,27,0
669,2,28,0
669,2,29,0
669,2,30,0
669,2,31,0
669,2,32,0
669,2,33,0
669,2,34,0
669,2,35,0
669,2,36,0
669,2,37,0
669,2,38,0
669,2,39,0
669,2,40,0
669,2,41,0
669,2,42,0
669,2,43,0
669,2,44,0
669,2,45,0
669,2,46,0
669,2,47,0
669,2,48,0
669,2,49,0
669,2,50,0
669,2,51,0
669,2,52,0
669,2,53,0
669,2,54,0
669,2,55,0
669,2,56,0
669,2,57,0
669,2,58,0
669,2,59,0
669,2,60,0
669,2,61,0
669,2,62,0
669,2,63,0
Shot Number,Secondary Electron Number,Anode ID,Electrons in wire,Gas amplification  coefficient
,,,,1
671,1,0,0
671,1,1,0
671,1,2,0
671,1,3,1
671,1,4,0
671,1,5,0
671,1,6,0
671,1,7,0
671,1,8,0
671,1,9,0
671,1,10,0
671,1,11,0
671,1,12,0
671,1,13,0
671,1,14,0
671,1,15,0
671,1,16,0
671,1,17,0
671,1,18,0
671,1,19,0
671,1,20,0
671,1,21,0
671,1,22,0
671,1,23,0
671,1,24,0
671,1,25,0
671,1,26,0
671,1,27,0
671,1,28,0
671,1,29,0
671,1,30,0
671,1,31,0
671,1,32,0
671,1,33,0
671,1,34,0
671,1,35,0
671,1,36,0
671,1,37,0
671,1,38,0
671,1,39,0
671,1,40,0
671,1,41,0
671,1,42,0
671,1,43,0
671,1,44,0
671,1,45,0
671,1,46,0
671,1,47,0
671,1,48,0
671,1,49,0
671,1,50,0
671,1,51,0
671,1,52,0
671,1,53,0
671,1,54,0
671,1,55,0
671,1,56,0
671,1,57,0
671,1,58,0
671,1,59,0
671,1,60,0
671,1,61,0
671,1,62,0
671,1,63,0
,,,,1
671,2,0,0
671,2,1,0
671,2,2,0
671,2,3,2
671,2,4,0
671,2,5,0
671,2,6,0
671,2,7,0
671,2,8,0
671,2,9,0
671,2,10,0
671,2,11,0
671,2,12,0
671,2,13,0
671,2,14,0
671,2,15,0
671,2,16,0
671,2,17,0
671,2,18,0
671,2,19,0
671,2,20,0
671,2,21,0
671,2,22,0
671,2,23,0
671,2,24,0
671,2,25,0
671,2,26,0
671,2,27,0
671,2,28,0
671,2,29,0
671,2,30,0
671,2,31,0
671,2,32,0
671,2,33,0
671,2,34,0
671,2,35,0
671,2,36,0
671,2,37,0
671,2,38,0
671,2,39,0
671,2,40,0
671,2,41,0
671,2,42,0
671,2,43,0
671,2,44,0
671,2,45,0
671,2,46,0
671,2,47,0
671,2,48,0
671,2,49,0
671,2,50,0
671,2,51,0
671,2,52,0
671,2,53,0
671,2,54,0
671,2,55,0
671,2,56,0
671,2,57,0
671,2,58,0
671,2,59,0
671,2,60,0
671,2,61,0
671,2,62,0
671,2,63,0
Shot Number,Secondary Electron Number,Anode ID,Electrons in wire,Gas amplification  coefficient
,,,,1
674,1,0,0
674,1,1,0
674,1,2,0
674,1,3,0
674,1,4,1
674,1,5,0
674,1,6,0
674,1,7,0
674,1,8,0
674,1,9,0
674,1,10,0
674,1,11,0
674,1,12,0
674,1,13,0
674,1,14,0
674,1,15,0
674,1,16,0
674,1,17,0
674,1,18,0
674,1,19,0
674,1,20,0
674,1,21,0
674,1,22,0
674,1,23,0
674,1,24,0
674,1,25,0
674,1,26,0
674,1,27,0
674,1,28,0
674,1,29,0
674,1,30,0
674,1,31,0
674,1,32,0
674,1,33,0
674,1,34,0
674,1,35,0
674,1,36,0
674,1,37,0
674,1,38,0
674,1,39,0
674,1,40,0
674,1,41,0
674,1,42,0
674,1,43,0
674,1,44,0
674,1,45,0
674,1,46,0
674,1,47,0
674,1,48,0
674,1,49,0
674,1,50,0
674,1,51,0
674,1,52,0
674,1,53,0
674,1,54,0
674,1,55,0
674,1,56,0
674,1,57,0
674,1,58,0
674,1,59,0
674,1,60,0
674,1,61,0
674,1,62,0
674,1,63,0
,,,,1
674,2,0,0
674,2,1,0
674,2,2,0
674,2,3,0
674,2,4,2
674,2,5,0
674,2,6,0
674,2,7,0
674,2,8,0
674,2,9,0
674,2,10,0
674,2,11,0
674,2,12,0
674,2,13,0
674,2,14,0
674,2,15,0
674,2,16,0
674,2,17,0
674,2,18,0
674,2,19,0
674,2,20,0
674,2,21,0
674,2,22,0
674,2,23,0
674,2,24,0
674,2,25,0
674,2,26,0
674,2,27,0
674,2,28,0
674,2,29,0
674,2,30,0
674,2,31,0
674,2,32,0
674,2,33,0
674,2,34,0
674,2,35,0
674,2,36,0
674,2,37,0
674,2,38,0
674,2,39,0
674,2,40,0
674,2,41,0
674,2,42,0
674,2,43,0
674,2,44,0
674,2,45,0
674,2,46,0
674,2,47,0
674,2,48,0
674,2,49,0
674,2,50,0
674,2,51,0
674,2,52,0
674,2,53,0
674,2,54,0
674,2,55,0
674,2,56,0
674,2,57,0
674,2,58,0
674,2,59,0
674,2,60,0
674,2,61,0
674,2,62,0
674,2,63,0
Shot Number,Secondary Electron Number,Anode ID,Electrons in wire,Gas amplification  coefficient
,,,,1
675,1,0,0
675,1,1,0
675,1,2,0
675,1,3,1
675,1,4,0
675,1,5,0
675,1,6,0
675,1,7,0
675,1,8,0
675,1,9,0
675,1,10,0
675,1,11,0
675,1,12,0
675,1,13,0
675,1,14,0
675,1,15,0
675,1,16,0
675,1,17,0
675,1,18,0
675,1,19,0
675,1,20,0
675,1,21,0
675,1,22,0
675,1,23,0
675,1,24,0
675,1,25,0
675,1,26,0
675,1,27,0
675,1,28,0
675,1,29,0
675,1,30,0
675,1,31,0
675,1,32,0
675,1,33,0
675,1,34,0
675,1,35,0
675,1,36,0
675,1,37,0
675,1,38,0
675,1,39,0
675,1,40,0
675,1,41,0
675,1,42,0
675,1,43,0
675,1,44,0
675,1,45,0
675,1,46,0
675,1,47,0
675,1,48,0
675,1,49,0
675,1,50,0
675,1,51,0
675,1,52,0
675,1,53,0
675,1,54,0
675,1,55,0
675,1,56,0
675,1,57,0
675,1,58,0
675,1,59,0
675,1,60,0
675,1,61,0
675,1,62,0
675,1,63,0
,,,,1
675,2,0,0
675,2,1,0
675,2,2,0
675,2,3,1
675,2,4,1
675,2,5,0
675,2,6,0
675,2,7,0
675,2,8,0
675,2,9,0
675,2,10,0
675,2,11,0
675,2,12,0
675,2,13,0
675,2,14,0
675,2,15,0
675,2,16,0
675,2,17,0
675,2,18,0
675,2,19,0
675,2,20,0
675,2,21,0
675,2,22,0
675,2,23,0
675,2,24,0
675,2,25,0
675,2,26,0
675,2,27,0
675,2,28,0
675,2,29,0
675,2,30,0
675,2,31,0
675,2,32,0
675,2,33,0
675,2,34,0
675,2,35,0
675,2,36,0
675,2,37,0
675,2,38,0
675,2,39,0
675,2,40,0
675,2,41,0
675,2,42,0
675,2,43,0
675,2,44,0
675,2,45,0
675,2,46,0
675,2,47,0
675,2,48,0
675,2,49,0
675,2,50,0
675,2,51,0
675,2,52,0
675,2,53,0
675,2,54,0
675,2,55,0
675,2,56,0
675,2,57,0
675,2,58,0
675,2,59,0
675,2,60,0
675,2,61,0
675,2,62,0
675,2,63,0
Shot Number,Secondary Electron Number,Anode ID,Electrons in wire,Gas amplification  coefficient
,,,,1
711,1,0,0
711,1,1,0
711,1,2,1
711,1,3,0
711,1,4,0
711,1,5,0
711,1,6,0
711,1,7,0
711,1,8,0
711,1,9,0
711,1,10,0
711,1,11,0
711,1,12,0
711,1,13,0
711,1,14,0
711,1,15,0
711,1,16,0
711,1,17,0
711,1,18,0
711,1,19,0
711,1,20,0
711,1,21,0
711,1,22,0
711,1,23,0
711,1,24,0
711,1,25,0
711,1,26,0
711,1,27,0
711,1,28,0
711,1,29,0
711,1,30,0
711,1,31,0
711,1,32,0
711,1,33,0
711,1,34,0
711,1,35,0
711,1,36,0
711,1,37,0
711,1,38,0
711,1,39,0
711,1,40,0
711,1,41,0
711,1,42,0
711,1,43,0
711,1,44,0
711,1,45,0
711,1,46,0
711,1,47,0
711,1,48,0
711,1,49,0
711,1,50,0
711,1,51,0
711,1,52,0
711,1,53,0
711,1,54,0
711,1,55,0
711,1,56,0
711,1,57,0
711,1,58,0
711,1,59,0
711,1,60,0
711,1,61,0
711,1,62,0
711,1,63,0
,,,,1
711,2,0,0
711,2,1,0
711,2,2,2
711,2,3,0
711,2,4,0
711,2,5,0
711,2,6,0
711,2,7,0
711,2,8,0
711,2,9,0
711,2,10,0
711,2,11,0
711,2,12,0
711,2,13,0
711,2,14,0
711,2,15,0
711,2,16,0
711,2,17,0
711,2,18,0
711,2,19,0
711,2,20,0
711,2,21,0
711,2,22,0
711,2,23,0
711,2,24,0
711,2,25,0
711,2,26,0
711,2,27,0
711,2,28,0
711,2,29,0
711,2,30,0
711,2,31,0
711,2,32,0
711,2,33,0
711,2,34,0
711,2,35,0
711,2,36,0
711,2,37,0
711,2,38,0
711,2,39,0
711,2,40,0
711,2,41,0
711,2,42,0
711,2,43,0
711,2,44,0
711,2,45,0
711,2,46,0
711,2,47,0
711,2,48,0
711,2,49,0
711,2,50,0
711,2,51,0
711,2,52,0
711,2,53,0
711,2,54,0
711,2,55,0
711,2,56,0
711,2,57,0
711,2,58,0
711,2,59,0
711,2,60,0
711,2,61,0
711,2,62,0
711,2,63,0
Shot Number,Secondary Electron Number,Anode ID,Electrons in wire,Gas amplification  coefficient
,,,,1
737,1,0,0
737,1,1,0
737,1,2,1
737,1,3,0
737,1,4,0
737,1,5,0
737,1,6,0
737,1,7,0
737,1,8,0
737,1,9,0
737,1,10,0
737,1,11,0
737,1,12,0
737,1,13,0
737,1,14,0
737,1,15,0
737,1,16,0
737,1,17,0
737,1,18,0
737,1,19,0
737,1,20,0
737,1,21,0
737,1,22,0
737,1,23,0
737,1,24,0
737,1,25,0
737,1,26,0
737,1,27,0
737,1,28,0
737,1,29,0
737,1,30,0
737,1,31,0
737,1,32,0
737,1,33,0
737,1,34,0
737,1,35,0
737,1,36,0
737,1,37,0
737,1,38,0
737,1,39,0
737,1,40,0
737,1,41,0
737,1,42,0
737,1,43,0
737,1,44,0
737,1,45,0
737,1,46,0
737,1,47,0
737,1,48,0
737,1,49,0
737,1,50,0
737,1,51,0
737,1,52,0
737,1,53,0
737,1,54,0
737,1,55,0
737,1,56,0
737,1,57,0
737,1,58,0
737,1,59,0
737,1,60,0
737,1,61,0
737,1,62,0
737,1,63,0
,,,,1
737,2,0,0
737,2,1,0
737,2,2,2
737,2,3,0
737,2,4,0
737,2,5,0
737,2,6,0
737,2,7,0
737,2,8,0
737,2,9,0
737,2,10,0
737,2,11,0
737,2,12,0
737,2,13,0
737,2,14,0
737,2,15,0
737,2,16,0
737,2,17,0
737,2,18,0
737,2,19,0
737,2,20,0
737,2,21,0
737,2,22,0
737,2,23,0
737,2,24,0
737,2,25,0
737,2,26,0
737,2,27,0
737,2,28,0
737,2,29,0
737,2,30,0
737,2,31,0
737,2,32,0
737,2,33,0
737,2,34,0
737,2,35,0
737,2,36,0
737,2,37,0
737,2,38,0
737,2,39,0
737,2,40,0
737,2,41,0
737,2,42,0
737,2,43,0
737,2,44,0
737,2,45,0
737,2,46,0
737,2,47,0
737,2,48,0
737,2,49,0
737,2,50,0
737,2,51,0
737,2,52,0
737,2,53,0
737,2,54,0
737,2,55,0
737,2,56,0
737,2,57,0
737,2,58,0
737,2,59,0
737,2,60,0
737,2,61,0
737,2,62,0
737,2,63,0
Shot Number,Secondary Electron Number,Anode ID,Electrons in wire,Gas amplification  coefficient
,,,,1
759,1,0,0
759,1,1,1
759,1,2,0
759,1,3,0
759,1,4,0
759,1,5,0
759,1,6,0
759,1,7,0
759,1,8,0
759,1,9,0
759,1,10,0
759,1,11,0
759,1,12,0
759,1,13,0
759,1,14,0
759,1,15,0
759,1,16,0
759,1,17,0
759,1,18,0
759,1,19,0
759,1,20,0
759,1,21,0
759,1,22,0
759,1,23,0
759,1,24,0
759,1,25,0
759,1,26,0
759,1,27,0
759,1,28,0
759,1,29,0
759,1,30,0
759,1,31,0
759,1,32,0
759,1,33,0
759,1,34,0
759,1,35,0
759,1,36,0
759,1,37,0
759,1,38,0
759,1,39,0
759,1,40,0
759,1,41,0
759,1,42,0
759,1,43,0
759,1,44,0
759,1,45,0
759,1,46,0
759,1,47,0
759,1,48,0
759,1,49,0
759,1,50,0
759,1,51,0
759,1,52,0
759,1,53,0
759,1,54,0
759,1,55,0
759,1,56,0
759,1,57,0
759,1,58,0
759,1,59,0
759,1,60,0
759,1,61,0
759,1,62,0
759,1,63,0
,,,,1
759,2,0,0
759,2,1,2
759,2,2,0
759,2,3,0
759,2,4,0
759,2,5,0
759,2,6,0
759,2,7,0
759,2,8,0
759,2,9,0
759,2,10,0
759,2,11,0
759,2,12,0
759,2,13,0
759,2,14,0
759,2,15,0
759,2,16,0
759,2,17,0
759,2,18,0
759,2,19,0
759,2,20,0
759,2,21,0
759,2,22,0
759,2,23,0
759,2,24,0
759,2,25,0
759,2,26,0
759,2,27,0
759,2,28,0
759,2,29,0
759,2,30,0
759,2,31,0
759,2,32,0
759,2,33,0
759,2,34,0
759,2,35,0
759,2,36,0
759,2,37,0
759,2,38,0
759,2,39,0
759,2,40,0
759,2,41,0
759,2,42,0
759,2,43,0
759,2,44,0
759,2,45,0
759,2,46,0
759,2,47,0
759,2,48,0
759,2,49,0
759,2,50,0
759,2,51,0
759,2,52,0
759,2,53,0
759,2,54,0
759,2,55,0
759,2,56,0
759,2,57,0
759,2,58,0
759,2,59,0
759,2,60,0
759,2,61,0
759,2,62,0
759,2,63,0
Shot Number,Secondary Electron Number,Anode ID,Electrons in wire,Gas amplification  coefficient
,,,,1
767,1,0,0
767,1,1,1
767,1,2,0
767,1,3,0
767,1,4,0
767,1,5,0
767,1,6,0
767,1,7,0
767,1,8,0
767,1,9,0
767,1,10,0
767,1,11,0
767,1,12,0
767,1,13,0
767,1,14,0
767,1,15,0
767,1,16,0
767,1,17,0
767,1,18,0
767,1,19,0
767,1,20,0
767,1,21,0
767,1,22,0
767,1,23,0
767,1,24,0
767,1,25,0
767,1,26,0
767,1,27,0
767,1,28,0
767,1,29,0
767,1,30,0
767,1,31,0
767,1,32,0
767,1,33,0
767,1,34,0
767,1,35,0
767,1,36,0
767,1,37,0
767,1,38,0
767,1,39,0
767,1,40,0
767,1,41,0
767,1,42,0
767,1,43,0
767,1,44,0
767,1,45,0
767,1,46,0
767,1,47,0
767,1,48,0
767,1,49,0
767,1,50,0
767,1,51,0
767,1,52,0
767,1,53,0
767,1,54,0
767,1,55,0
767,1,56,0
767,1,57,0
767,1,58,0
767,1,59,0
767,1,60,0
767,1,61,0
767,1,62,0
767,1,63,0
,,,,1
767,2,0,0
767,2,1,2
767,2,2,0
767,2,3,0
767,2,4,0
767,2,5,0
767,2,6,0
767,2,7,0
767,2,8,0
767,2,9,0
767,2,10,0
767,2,11,0
767,2,12,0
767,2,13,0
767,2,14,0
767,2,15,0
767,2,16,0
767,2,17,0
767,2,18,0
767,2,19,0
767,2,20,0
767,2,21,0
767,2,22,0
767,2,23,0
767,2,24,0
767,2,25,0
767,2,26,0
767,2,27,0
767,2,28,0
767,2,29,0
767,2,30,0
767,2,31,0
767,2,32,0
767,2,33,0
767,2,34,0
767,2,35,0
767,2,36,0
767,2,37,0
767,2,38,0
767,2,39,0
767,2,40,0
767,2,41,0
767,2,42,0
767,2,43,0
767,2,44,0
767,2,45,0
767,2,46,0
767,2,47,0
767,2,48,0
767,2,49,0
767,2,50,0
767,2,51,0
767,2,52,0
767,2,53,0
767,2,54,0
767,2,55,0
767,2,56,0
767,2,57,0
767,2,58,0
767,2,59,0
767,2,60,0
767,2,61,0
767,2,62,0
767,2,63,0
Shot Number,Secondary Electron Number,Anode ID,Electrons in wire,Gas amplification  coefficient
,,,,1
773,1,0,0
773,1,1,0
773,1,2,1
773,1,3,0
773,1,4,0
773,1,5,0
773,1,6,0
773,1,7,0
773,1,8,0
773,1,9,0
773,1,10,0
773,1,11,0
773,1,12,0
773,1,13,0
773,1,14,0
773,1,15,0
773,1,16,0
773,1,17,0
773,1,18,0
773,1,19,0
773,1,20,0
773,1,21,0
773,1,22,0
773,1,23,0
773,1,24,0
773,1,25,0
773,1,26,0
773,1,27,0
773,1,28,0
773,1,29,0
773,1,30,0
773,1,31,0
773,1,32,0
773,1,33,0
773,1,34,0
773,1,35,0
773,1,36,0
773,1,37,0
773,1,38,0
773,1,39,0
773,1,40,0
773,1,41,0
773,1,42,0
773,1,43,0
773,1,44,0
773,1,45,0
773,1,46,0
773,1,47,0
773,1,48,0
773,1,49,0
773,1,50,0
773,1,51,0
773,1,52,0
773,1,53,0
773,1,54,0
773,1,55,0
773,1,56,0
773,1,57,0
773,1,58,0
773,1,59,0
773,1,60,0
773,1,61,0
773,1,62,0
773,1,63,0
,,,,1
773,2,0,0
773,2,1,0
773,2,2,2
773,2,3,0
773,2,4,0
773,2,5,0
773,2,6,0
773,2,7,0
773,2,8,0
773,2,9,0
773,2,10,0
773,2,11,0
773,2,12,0
773,2,13,0
773,2,14,0
773,2,15,0
773,2,16,0
773,2,17,0
773,2,18,0
773,2,19,0
773,2,20,0
773,2,21,0
773,2,22,0
773,2,23,0
773,2,24,0
773,2,25,0
773,2,26,0
773,2,27,0
773,2,28,0
773,2,29,0
773,2,30,0
773,2,31,0
773,2,32,0
773,2,33,0
773,2,34,0
773,2,35,0
773,2,36,0
773,2,37,0
773,2,38,0
773,2,39,0
773,2,40,0
773,2,41,0
773,2,42,0
773,2,43,0
773,2,44,0
773,2,45,0
773,2,46,0
773,2,47,0
773,2,48,0
773,2,49,0
773,2,50,0
773,2,51,0
773,2,52,0
773,2,53,0
773,2,54,0
773,2,55,0
773,2,56,0
773,2,57,0
773,2,58,0
773,2,59,0
773,2,60,0
773,2,61,0
773,2,62,0
773,2,63,0
Shot Number,Secondary Electron Number,Anode ID,Electrons in wire,Gas amplification  coefficient
,,,,2
776,1,0,2
776,1,1,0
776,1,2,0
776,1,3,0
776,1,4,0
776,1,5,0
776,1,6,0
776,1,7,0
776,1,8,0
776,1,9,0
776,1,10,0
776,1,11,0
776,1,12,0
776,1,13,0
776,1,14,0
776,1,15,0
776,1,16,0
776,1,17,0
776,1,18,0
776,1,19,0
776,1,20,0
776,1,21,0
776,1,22,0
776,1,23,0
776,1,24,0
776,1,25,0
776,1,26,0
776,1,27,0
776,1,28,0
776,1,29,0
776,1,30,0
776,1,31,0
776,1,32,0
776,1,33,0
776,1,34,0
776,1,35,0
776,1,36,0
776,1,37,0
776,1,38,0
776,1,39,0
776,1,40,0
776,1,41,0
776,1,42,0
776,1,43,0
776,1,44,0
776,1,45,0
776,1,46,0
776,1,47,0
776,1,48,0
776,1,49,0
776,1,50,0
776,1,51,0
776,1,52,0
776,1,53,0
776,1,54,0
776,1,55,0
776,1,56,0
776,1,57,0
776,1,58,0
776,1,59,0
776,1,60,0
776,1,61,0
776,1,62,0
776,1,63,0
,,,,1.5
776,2,0,3
776,2,1,0
776,2,2,0
776,2,3,0
776,2,4,0
776,2,5,0
776,2,6,0
776,2,7,0
776,2,8,0
776,2,9,0
776,2,10,0
776,2,11,0
776,2,12,0
776,2,13,0
776,2,14,0
776,2,15,0
776,2,16,0
776,2,17,0
776,2,18,0
776,2,19,0
776,2,20,0
776,2,21,0
776,2,22,0
776,2,23,0
776,2,24,0
776,2,25,0
776,2,26,0
776,2,27,0
776,2,28,0
776,2,29,0
776,2,30,0
776,2,31,0
776,2,32,0
776,2,33,0
776,2,34,0
776,2,35,0
776,2,36,0
776,2,37,0
776,2,38,0
776,2,39,0
776,2,40,0
776,2,41,0
776,2,42,0
776,2,43,0
776,2,44,0
776,2,45,0
776,2,46,0
776,2,47,0
776,2,48,0
776,2,49,0
776,2,50,0
776,2,51,0
776,2,52,0
776,2,53,0
776,2,54,0
776,2,55,0
776,2,56,0
776,2,57,0
776,2,58,0
776,2,59,0
776,2,60,0
776,2,61,0
776,2,62,0
776,2,63,0
Shot Number,Secondary Electron Number,Anode ID,Electrons in wire,Gas amplification  coefficient
,,,,1
784,1,0,0
784,1,1,0
784,1,2,0
784,1,3,0
784,1,4,1
784,1,5,0
784,1,6,0
784,1,7,0
784,1,8,0
784,1,9,0
784,1,10,0
784,1,11,0
784,1,12,0
784,1,13,0
784,1,14,0
784,1,15,0
784,1,16,0
784,1,17,0
784,1,18,0
784,1,19,0
784,1,20,0
784,1,21,0
784,1,22,0
784,1,23,0
784,1,24,0
784,1,25,0
784,1,26,0
784,1,27,0
784,1,28,0
784,1,29,0
784,1,30,0
784,1,31,0
784,1,32,0
784,1,33,0
784,1,34,0
784,1,35,0
784,1,36,0
784,1,37,0
784,1,38,0
784,1,39,0
784,1,40,0
784,1,41,0
784,1,42,0
784,1,43,0
784,1,44,0
784,1,45,0
784,1,46,0
784,1,47,0
784,1,48,0
784,1,49,0
784,1,50,0
784,1,51,0
784,1,52,0
784,1,53,0
784,1,54,0
784,1,55,0
784,1,56,0
784,1,57,0
784,1,58,0
784,1,59,0
784,1,60,0
784,1,61,0
784,1,62,0
784,1,63,0
,,,,1
784,2,0,0
784,2,1,0
784,2,2,0
784,2,3,0
784,2,4,2
784,2,5,0
784,2,6,0
784,2,7,0
784,2,8,0
784,2,9,0
784,2,10,0
784,2,11,0
784,2,12,0
784,2,13,0
784,2,14,0
784,2,15,0
784,2,16,0
784,2,17,0
784,2,18,0
784,2,19,0
784,2,20,0
784,2,21,0
784,2,22,0
784,2,23,0
784,2,24,0
784,2,25,0
784,2,26,0
784,2,27,0
784,2,28,0
784,2,29,0
784,2,30,0
784,2,31,0
784,2,32,0
784,2,33,0
784,2,34,0
784,2,35,0
784,2,36,0
784,2,37,0
784,2,38,0
784,2,39,0
784,2,40,0
784,2,41,0
784,2,42,0
784,2,43,0
784,2,44,0
784,2,45,0
784,2,46,0
784,2,47,0
784,2,48,0
784,2,49,0
784,2,50,0
784,2,51,0
784,2,52,0
784,2,53,0
784,2,54,0
784,2,55,0
784,2,56,0
784,2,57,0
784,2,58,0
784,2,59,0
784,2,60,0
784,2,61,0
784,2,62,0
784,2,63,0
Shot Number,Secondary Electron Number,Anode ID,Electrons in wire,Gas amplification  coefficient
,,,,1
820,1,0,0
820,1,1,1
820,1,2,0
820,1,3,0
820,1,4,0
820,1,5,0
820,1,6,0
820,1,7,0
820,1,8,0
820,1,9,0
820,1,10,0
820,1,11,0
820,1,12,0
820,1,13,0
820,1,14,0
820,1,15,0
820,1,16,0
820,1,17,0
820,1,18,0
820,1,19,0
820,1,20,0
820,1,21,0
820,1,22,0
820,1,23,0
820,1,24,0
820,1,25,0
820,1,26,0
820,1,27,0
820,1,28,0
820,1,29,0
820,1,30,0
820,1,31,0
820,1,32,0
820,1,33,0
820,1,34,0
820,1,35,0
820,1,36,0
820,1,37,0
820,1,38,0
820,1,39,0
820,1,40,0
820,1,41,0
820,1,42,0
820,1,43,0
820,1,44,0
820,1,45,0
820,1,46,0
820,1,47,0
820,1,48,0
820,1,49,0
820,1,50,0
820,1,51,0
820,1,52,0
820,1,53,0
820,1,54,0
820,1,55,0
820,1,56,0
820,1,57,0
820,1,58,0
820,1,59,0
820,1,60,0
820,1,61,0
820,1,62,0
820,1,63,0
,,,,1
820,2,0,0
820,2,1,2
820,2,2,0
820,2,3,0
820,2,4,0
820,2,5,0
820,2,6,0
820,2,7,0
820,2,8,0
820,2,9,0
820,2,10,0
820,2,11,0
820,2,12,0
820,2,13,0
820,2,14,0
820,2,15,0
820,2,16,0
820,2,17,0
820,2,18,0
820,2,19,0
820,2,20,0
820,2,21,0
820,2,22,0
820,2,23,0
820,2,24,0
820,2,25,0
820,2,26,0
820,2,27,0
820,2,28,0
820,2,29,0
820,2,30,0
820,2,31,0
820,2,32,0
820,2,33,0
820,2,34,0
820,2,35,0
820,2,36,0
820,2,37,0
820,2,38,0
820,2,39,0
820,2,40,0
820,2,41,0
820,2,42,0
820,2,43,0
820,2,44,0
820,2,45,0
820,2,46,0
820,2,47,0
820,2,48,0
820,2,49,0
820,2,50,0
820,2,51,0
820,2,52,0
820,2,53,0
820,2,54,0
820,2,55,0
820,2,56,0
820,2,57,0
820,2,58,0
820,2,59,0
820,2,60,0
820,2,61,0
820,2,62,0
820,2,63,0
Shot Number,Secondary Electron Number,Anode ID,Electrons in wire,Gas amplification  coefficient
,,,,1
832,1,0,0
832,1,1,0
832,1,2,0
832,1,3,0
832,1,4,0
832,1,5,1
832,1,6,0
832,1,7,0
832,1,8,0
832,1,9,0
832,1,10,0
832,1,11,0
832,1,12,0
832,1,13,0
832,1,14,0
832,1,15,0
832,1,16,0
832,1,17,0
832,1,18,0
832,1,19,0
832,1,20,0
832,1,21,0
832,1,22,0
832,1,23,0
832,1,24,0
832,1,25,0
832,1,26,0
832,1,27,0
832,1,28,0
832,1,29,0
832,1,30,0
832,1,31,0
832,1,32,0
832,1,33,0
832,1,34,0
832,1,35,0
832,1,36,0
832,1,37,0
832,1,38,0
832,1,39,0
832,1,40,0
832,1,41,0
832,1,42,0
832,1,43,0
832,1,44,0
832,1,45,0
832,1,46,0
832,1,47,0
832,1,48,0
832,1,49,0
832,1,50,0
832,1,51,0
832,1,52,0
832,1,53,0
832,1,54,0
832,1,55,0
832,1,56,0
832,1,57,0
832,1,58,0
832,1,59,0
832,1,60,0
832,1,61,0
832,1,62,0
832,1,63,0
,,,,1
832,2,0,0
832,2,1,0
832,2,2,0
832,2,3,0
832,2,4,0
832,2,5,2
832,2,6,0
832,2,7,0
832,2,8,0
832,2,9,0
832,2,10,0
832,2,11,0
832,2,12,0
832,2,13,0
832,2,14,0
832,2,15,0
832,2,16,0
832,2,17,0
832,2,18,0
832,2,19,0
832,2,20,0
832,2,21,0
832,2,22,0
832,2,23,0
832,2,24,0
832,2,25,0
832,2,26,0
832,2,27,0
832,2,28,0
832,2,29,0
832,2,30,0
832,2,31,0
832,2,32,0
832,2,33,0
832,2,34,0
832,2,35,0
832,2,36,0
832,2,37,0
832,2,38,0
832,2,39,0
832,2,40,0
832,2,41,0
832,2,42,0
832,2,43,0
832,2,44,0
832,2,45,0
832,2,46,0
832,2,47,0
832,2,48,0
832,2,49,0
832,2,50,0
832,2,51,0
832,2,52,0
832,2,53,0
832,2,54,0
832,2,55,0
832,2,56,0
832,2,57,0
832,2,58,0
832,2,59,0
832,2,60,0
832,2,61,0
832,2,62,0
832,2,63,0
Shot Number,Secondary Electron Number,Anode ID,Electrons in wire,Gas amplification  coefficient
,,,,1
845,1,0,0
845,1,1,1
845,1,2,0
845,1,3,0
845,1,4,0
845,1,5,0
845,1,6,0
845,1,7,0
845,1,8,0
845,1,9,0
845,1,10,0
845,1,11,0
845,1,12,0
845,1,13,0
845,1,14,0
845,1,15,0
845,1,16,0
845,1,17,0
845,1,18,0
845,1,19,0
845,1,20,0
845,1,21,0
845,1,22,0
845,1,23,0
845,1,24,0
845,1,25,0
845,1,26,0
845,1,27,0
845,1,28,0
845,1,29,0
845,1,30,0
845,1,31,0
845,1,32,0
845,1,33,0
845,1,34,0
845,1,35,0
845,1,36,0
845,1,37,0
845,1,38,0
845,1,39,0
845,1,40,0
845,1,41,0
845,1,42,0
845,1,43,0
845,1,44,0
845,1,45,0
845,1,46,0
845,1,47,0
845,1,48,0
845,1,49,0
845,1,50,0
845,1,51,0
845,1,52,0
845,1,53,0
845,1,54,0
845,1,55,0
845,1,56,0
845,1,57,0
845,1,58,0
845,1,59,0
845,1,60,0
845,1,61,0
845,1,62,0
845,1,63,0
,,,,1
845,2,0,0
845,2,1,2
845,2,2,0
845,2,3,0
845,2,4,0
845,2,5,0
845,2,6,0
845,2,7,0
845,2,8,0
845,2,9,0
845,2,10,0
845,2,11,0
845,2,12,0
845,2,13,0
845,2,14,0
845,2,15,0
845,2,16,0
845,2,17,0
845,2,18,0
845,2,19,0
845,2,20,0
845,2,21,0
845,2,22,0
845,2,23,0
845,2,24,0
845,2,25,0
845,2,26,0
845,2,27,0
845,2,28,0
845,2,29,0
845,2,30,0
845,2,31,0
845,2,32,0
845,2,33,0
845,2,34,0
845,2,35,0
845,2,36,0
845,2,37,0
845,2,38,0
845,2,39,0
845,2,40,0
845,2,41,0
845,2,42,0
845,2,43,0
845,2,44,0
845,2,45,0
845,2,46,0
845,2,47,0
845,2,48,0
845,2,49,0
845,2,50,0
845,2,51,0
845,2,52,0
845,2,53,0
845,2,54,0
845,2,55,0
845,2,56,0
845,2,57,0
845,2,58,0
845,2,59,0
845,2,60,0
845,2,61,0
845,2,62,0
845,2,63,0
Shot Number,Secondary Electron Number,Anode ID,Electrons in wire,Gas amplification  coefficient
,,,,1
872,1,0,0
872,1,1,0
872,1,2,0
872,1,3,0
872,1,4,1
872,1,5,0
872,1,6,0
872,1,7,0
872,1,8,0
872,1,9,0
872,1,10,0
872,1,11,0
872,1,12,0
872,1,13,0
872,1,14,0
872,1,15,0
872,1,16,0
872,1,17,0
872,1,18,0
872,1,19,0
872,1,20,0
872,1,21,0
872,1,22,0
872,1,23,0
872,1,24,0
872,1,25,0
872,1,26,0
872,1,27,0
872,1,28,0
872,1,29,0
872,1,30,0
872,1,31,0
872,1,32,0
872,1,33,0
872,1,34,0
872,1,35,0
872,1,36,0
872,1,37,0
872,1,38,0
872,1,39,0
872,1,40,0
872,1,41,0
872,1,42,0
872,1,43,0
872,1,44,0
872,1,45,0
872,1,46,0
872,1,47,0
872,1,48,0
872,1,49,0
872,1,50,0
872,1,51,0
872,1,52,0
872,1,53,0
872,1,54,0
872,1,55,0
872,1,56,0
872,1,57,0
872,1,58,0
872,1,59,0
872,1,60,0
872,1,61,0
872,1,62,0
872,1,63,0
,,,,1
872,2,0,0
872,2,1,0
872,2,2,0
872,2,3,0
872,2,4,1
872,2,5,1
872,2,6,0
872,2,7,0
872,2,8,0
872,2,9,0
872,2,10,0
872,2,11,0
872,2,12,0
872,2,13,0
872,2,14,0
872,2,15,0
872,2,16,0
872,2,17,0
872,2,18,0
872,2,19,0
872,2,20,0
872,2,21,0
872,2,22,0
872,2,23,0
872,2,24,0
872,2,25,0
872,2,26,0
872,2,27,0
872,2,28,0
872,2,29,0
872,2,30,0
872,2,31,0
872,2,32,0
872,2,33,0
872,2,34,0
872,2,35,0
872,2,36,0
872,2,37,0
872,2,38,0
872,2,39,0
872,2,40,0
872,2,41,0
872,2,42,0
872,2,43,0
872,2,44,0
872,2,45,0
872,2,46,0
872,2,47,0
872,2,48,0
872,2,49,0
872,2,50,0
872,2,51,0
872,2,52,0
872,2,53,0
872,2,54,0
872,2,55,0
872,2,56,0
872,2,57,0
872,2,58,0
872,2,59,0
872,2,60,0
872,2,61,0
872,2,62,0
872,2,63,0
Shot Number,Secondary Electron Number,Anode ID,Electrons in wire,Gas amplification  coefficient
,,,,1
891,1,0,0
891,1,1,0
891,1,2,0
891,1,3,0
891,1,4,0
891,1,5,1
891,1,6,0
891,1,7,0
891,1,8,0
891,1,9,0
891,1,10,0
891,1,11,0
891,1,12,0
891,1,13,0
891,1,14,0
891,1,15,0
891,1,16,0
891,1,17,0
891,1,18,0
891,1,19,0
891,1,20,0
891,1,21,0
891,1,22,0
891,1,23,0
891,1,24,0
891,1,25,0
891,1,26,0
891,1,27,0
891,1,28,0
891,1,29,0
891,1,30,0
891,1,31,0
891,1,32,0
891,1,33,0
891,1,34,0
891,1,35,0
891,1,36,0
891,1,37,0
891,1,38,0
891,1,39,0
891,1,40,0
891,1,41,0
891,1,42,0
891,1,43,0
891,1,44,0
891,1,45,0
891,1,46,0
891,1,47,0
891,1,48,0
891,1,49,0
891,1,50,0
891,1,51,0
891,1,52,0
891,1,53,0
891,1,54,0
891,1,55,0
891,1,56,0
891,1,57,0
891,1,58,0
891,1,59,0
891,1,60,0
891,1,61,0
891,1,62,0
891,1,63,0
,,,,1
891,2,0,0
891,2,1,0
891,2,2,0
891,2,3,0
891,2,4,0
891,2,5,2
891,2,6,0
891,2,7,0
891,2,8,0
891,2,9,0
891,2,10,0
891,2,11,0
891,2,12,0
891,2,13,0
891,2,14,0
891,2,15,0
891,2,16,0
891,2,17,0
891,2,18,0
891,2,19,0
891,2,20,0
891,2,21,0
891,2,22,0
891,2,23,0
891,2,24,0
891,2,25,0
891,2,26,0
891,2,27,0
891,2,28,0
891,2,29,0
891,2,30,0
891,2,31,0
891,2,32,0
891,2,33,0
891,2,34,0
891,2,35,0
891,2,36,0
891,2,37,0
891,2,38,0
891,2,39,0
891,2,40,0
891,2,41,0
891,2,42,0
891,2,43,0
891,2,44,0
891,2,45,0
891,2,46,0
891,2,47,0
891,2,48,0
891,2,49,0
891,2,50,0
891,2,51,0
891,2,52,0
891,2,53,0
891,2,54,0
891,2,55,0
891,2,56,0
891,2,57,0
891,2,58,0
891,2,59,0
891,2,60,0
891,2,61,0
891,2,62,0
891,2,63,0
Shot Number,Secondary Electron Number,Anode ID,Electrons in wire,Gas amplification  coefficient
,,,,1
894,1,0,0
894,1,1,1
894,1,2,0
894,1,3,0
894,1,4,0
894,1,5,0
894,1,6,0
894,1,7,0
894,1,8,0
894,1,9,0
894,1,10,0
894,1,11,0
894,1,12,0
894,1,13,0
894,1,14,0
894,1,15,0
894,1,16,0
894,1,17,0
894,1,18,0
894,1,19,0
894,1,20,0
894,1,21,0
894,1,22,0
894,1,23,0
894,1,24,0
894,1,25,0
894,1,26,0
894,1,27,0
894,1,28,0
894,1,29,0
894,1,30,0
894,1,31,0
894,1,32,0
894,1,33,0
894,1,34,0
894,1,35,0
894,1,36,0
894,1,37,0
894,1,38,0
894,1,39,0
894,1,40,0
894,1,41,0
894,1,42,0
894,1,43,0
894,1,44,0
894,1,45,0
894,1,46,0
894,1,47,0
894,1,48,0
894,1,49,0
894,1,50,0
894,1,51,0
894,1,52,0
894,1,53,0
894,1,54,0
894,1,55,0
894,1,56,0
894,1,57,0
894,1,58,0
894,1,59,0
894,1,60,0
894,1,61,0
894,1,62,0
894,1,63,0
,,,,1
894,2,0,0
894,2,1,2
894,2,2,0
894,2,3,0
894,2,4,0
894,2,5,0
894,2,6,0
894,2,7,0
894,2,8,0
894,2,9,0
894,2,10,0
894,2,11,0
894,2,12,0
894,2,13,0
894,2,14,0
894,2,15,0
894,2,16,0
894,2,17,0
894,2,18,0
894,2,19,0
894,2,20,0
894,2,21,0
894,2,22,0
894,2,23,0
894,2,24,0
894,2,25,0
894,2,26,0
894,2,27,0
894,2,28,0
894,2,29,0
894,2,30,0
894,2,31,0
894,2,32,0
894,2,33,0
894,2,34,0
894,2,35,0
894,2,36,0
894,2,37,0
894,2,38,0
894,2,39,0
894,2,40,0
894,2,41,0
894,2,42,0
894,2,43,0
894,2,44,0
894,2,45,0
894,2,46,0
894,2,47,0
894,2,48,0
894,2,49,0
894,2,50,0
894,2,51,0
894,2,52,0
894,2,53,0
894,2,54,0
894,2,55,0
894,2,56,0
894,2,57,0
894,2,58,0
894,2,59,0
894,2,60,0
894,2,61,0
894,2,62,0
894,2,63,0
Shot Number,Secondary Electron Number,Anode ID,Electrons in wire,Gas amplification  coefficient
,,,,1
906,1,0,0
906,1,1,0
906,1,2,0
906,1,3,0
906,1,4,0
906,1,5,0
906,1,6,1
906,1,7,0
906,1,8,0
906,1,9,0
906,1,10,0
906,1,11,0
906,1,12,0
906,1,13,0
906,1,14,0
906,1,15,0
906,1,16,0
906,1,17,0
906,1,18,0
906,1,19,0
906,1,20,0
906,1,21,0
906,1,22,0
906,1,23,0
906,1,24,0
906,1,25,0
906,1,26,0
906,1,27,0
906,1,28,0
906,1,29,0
906,1,30,0
906,1,31,0
906,1,32,0
906,1,33,0
906,1,34,0
906,1,35,0
906,1,36,0
906,1,37,0
906,1,38,0
906,1,39,0
906,1,40,0
906,1,41,0
906,1,42,0
906,1,43,0
906,1,44,0
906,1,45,0
906,1,46,0
906,1,47,0
906,1,48,0
906,1,49,0
906,1,50,0
906,1,51,0
906,1,52,0
906,1,53,0
906,1,54,0
906,1,55,0
906,1,56,0
906,1,57,0
906,1,58,0
906,1,59,0
906,1,60,0
906,1,61,0
906,1,62,0
906,1,63,0
Shot Number,Secondary Electron Number,Anode ID,Electrons in wire,Gas amplification  coefficient
,,,,1
915,1,0,0
915,1,1,0
915,1,2,0
915,1,3,0
915,1,4,1
915,1,5,0
915,1,6,0
915,1,7,0
915,1,8,0
915,1,9,0
915,1,10,0
915,1,11,0
915,1,12,0
915,1,13,0
915,1,14,0
915,1,15,0
915,1,16,0
915,1,17,0
915,1,18,0
915,1,19,0
915,1,20,0
915,1,21,0
915,1,22,0
915,1,23,0
915,1,24,0
915,1,25,0
915,1,26,0
915,1,27,0
915,1,28,0
915,1,29,0
915,1,30,0
915,1,31,0
915,1,32,0
915,1,33,0
915,1,34,0
915,1,35,0
915,1,36,0
915,1,37,0
915,1,38,0
915,1,39,0
915,1,40,0
915,1,41,0
915,1,42,0
915,1,43,0
915,1,44,0
915,1,45,0
915,1,46,0
915,1,47,0
915,1,48,0
915,1,49,0
915,1,50,0
915,1,51,0
915,1,52,0
915,1,53,0
915,1,54,0
915,1,55,0
915,1,56,0
915,1,57,0
915,1,58,0
915,1,59,0
915,1,60,0
915,1,61,0
915,1,62,0
915,1,63,0
,,,,1
915,2,0,0
915,2,1,0
915,2,2,0
915,2,3,0
915,2,4,2
915,2,5,0
915,2,6,0
915,2,7,0
915,2,8,0
915,2,9,0
915,2,10,0
915,2,11,0
915,2,12,0
915,2,13,0
915,2,14,0
915,2,15,0
915,2,16,0
915,2,17,0
915,2,18,0
915,2,19,0
915,2,20,0
915,2,21,0
915,2,22,0
915,2,23,0
915,2,24,0
915,2,25,0
915,2,26,0
915,2,27,0
915,2,28,0
915,2,29,0
915,2,30,0
915,2,31,0
915,2,32,0
915,2,33,0
915,2,34,0
915,2,35,0
915,2,36,0
915,2,37,0
915,2,38,0
915,2,39,0
915,2,40,0
915,2,41,0
915,2,42,0
915,2,43,0
915,2,44,0
915,2,45,0
915,2,46,0
915,2,47,0
915,2,48,0
915,2,49,0
915,2,50,0
915,2,51,0
915,2,52,0
915,2,53,0
915,2,54,0
915,2,55,0
915,2,56,0
915,2,57,0
915,2,58,0
915,2,59,0
915,2,60,0
915,2,61,0
915,2,62,0
915,2,63,0
