Shot Number,Number of events (secondary e.),Anode ID,Electrons in wire,Gas amplification  coefficient
73,1,0,0,56
73,1,1,0,56
73,1,2,0,56
73,1,3,0,56
73,1,4,0,56
73,1,5,0,56
73,1,6,0,56
73,1,7,0,56
73,1,8,0,56
73,1,9,0,56
73,1,10,0,56
73,1,11,0,56
73,1,12,0,56
73,1,13,0,56
73,1,14,0,56
73,1,15,0,56
73,1,16,0,56
73,1,17,0,56
73,1,18,0,56
73,1,19,0,56
73,1,20,0,56
73,1,21,0,56
73,1,22,0,56
73,1,23,0,56
73,1,24,0,56
73,1,25,0,56
73,1,26,0,56
73,1,27,0,56
73,1,28,0,56
73,1,29,0,56
73,1,30,0,56
73,1,31,0,56
73,1,32,0,56
73,1,33,0,56
73,1,34,0,56
73,1,35,0,56
73,1,36,0,56
73,1,37,0,56
73,1,38,0,56
73,1,39,56,56
73,1,40,0,56
73,1,41,0,56
73,1,42,0,56
73,1,43,0,56
73,1,44,0,56
73,1,45,0,56
73,1,46,0,56
73,1,47,0,56
73,1,48,0,56
73,1,49,0,56
73,1,50,0,56
73,1,51,0,56
73,1,52,0,56
73,1,53,0,56
73,1,54,0,56
73,1,55,0,56
73,1,56,0,56
73,1,57,0,56
73,1,58,0,56
73,1,59,0,56
73,1,60,0,56
73,1,61,0,56
73,1,62,0,56
73,1,63,0,56
73,2,0,0,48.5
73,2,1,0,48.5
73,2,2,0,48.5
73,2,3,0,48.5
73,2,4,0,48.5
73,2,5,0,48.5
73,2,6,0,48.5
73,2,7,0,48.5
73,2,8,0,48.5
73,2,9,0,48.5
73,2,10,0,48.5
73,2,11,0,48.5
73,2,12,0,48.5
73,2,13,0,48.5
73,2,14,0,48.5
73,2,15,0,48.5
73,2,16,0,48.5
73,2,17,0,48.5
73,2,18,0,48.5
73,2,19,0,48.5
73,2,20,0,48.5
73,2,21,0,48.5
73,2,22,0,48.5
73,2,23,0,48.5
73,2,24,0,48.5
73,2,25,0,48.5
73,2,26,0,48.5
73,2,27,0,48.5
73,2,28,0,48.5
73,2,29,0,48.5
73,2,30,0,48.5
73,2,31,0,48.5
73,2,32,0,48.5
73,2,33,0,48.5
73,2,34,0,48.5
73,2,35,0,48.5
73,2,36,0,48.5
73,2,37,0,48.5
73,2,38,0,48.5
73,2,39,97,48.5
73,2,40,0,48.5
73,2,41,0,48.5
73,2,42,0,48.5
73,2,43,0,48.5
73,2,44,0,48.5
73,2,45,0,48.5
73,2,46,0,48.5
73,2,47,0,48.5
73,2,48,0,48.5
73,2,49,0,48.5
73,2,50,0,48.5
73,2,51,0,48.5
73,2,52,0,48.5
73,2,53,0,48.5
73,2,54,0,48.5
73,2,55,0,48.5
73,2,56,0,48.5
73,2,57,0,48.5
73,2,58,0,48.5
73,2,59,0,48.5
73,2,60,0,48.5
73,2,61,0,48.5
73,2,62,0,48.5
73,2,63,0,48.5
73,3,0,0,42
73,3,1,0,42
73,3,2,0,42
73,3,3,0,42
73,3,4,0,42
73,3,5,0,42
73,3,6,0,42
73,3,7,0,42
73,3,8,0,42
73,3,9,0,42
73,3,10,0,42
73,3,11,0,42
73,3,12,0,42
73,3,13,0,42
73,3,14,0,42
73,3,15,0,42
73,3,16,0,42
73,3,17,0,42
73,3,18,0,42
73,3,19,0,42
73,3,20,0,42
73,3,21,0,42
73,3,22,0,42
73,3,23,0,42
73,3,24,0,42
73,3,25,0,42
73,3,26,0,42
73,3,27,0,42
73,3,28,0,42
73,3,29,0,42
73,3,30,0,42
73,3,31,0,42
73,3,32,0,42
73,3,33,0,42
73,3,34,0,42
73,3,35,0,42
73,3,36,0,42
73,3,37,0,42
73,3,38,0,42
73,3,39,126,42
73,3,40,0,42
73,3,41,0,42
73,3,42,0,42
73,3,43,0,42
73,3,44,0,42
73,3,45,0,42
73,3,46,0,42
73,3,47,0,42
73,3,48,0,42
73,3,49,0,42
73,3,50,0,42
73,3,51,0,42
73,3,52,0,42
73,3,53,0,42
73,3,54,0,42
73,3,55,0,42
73,3,56,0,42
73,3,57,0,42
73,3,58,0,42
73,3,59,0,42
73,3,60,0,42
73,3,61,0,42
73,3,62,0,42
73,3,63,0,42
73,4,0,0,36
73,4,1,0,36
73,4,2,0,36
73,4,3,0,36
73,4,4,0,36
73,4,5,0,36
73,4,6,0,36
73,4,7,0,36
73,4,8,0,36
73,4,9,0,36
73,4,10,0,36
73,4,11,0,36
73,4,12,0,36
73,4,13,0,36
73,4,14,0,36
73,4,15,0,36
73,4,16,0,36
73,4,17,0,36
73,4,18,0,36
73,4,19,0,36
73,4,20,0,36
73,4,21,0,36
73,4,22,0,36
73,4,23,0,36
73,4,24,0,36
73,4,25,0,36
73,4,26,0,36
73,4,27,0,36
73,4,28,0,36
73,4,29,0,36
73,4,30,0,36
73,4,31,0,36
73,4,32,0,36
73,4,33,0,36
73,4,34,0,36
73,4,35,0,36
73,4,36,0,36
73,4,37,0,36
73,4,38,0,36
73,4,39,144,36
73,4,40,0,36
73,4,41,0,36
73,4,42,0,36
73,4,43,0,36
73,4,44,0,36
73,4,45,0,36
73,4,46,0,36
73,4,47,0,36
73,4,48,0,36
73,4,49,0,36
73,4,50,0,36
73,4,51,0,36
73,4,52,0,36
73,4,53,0,36
73,4,54,0,36
73,4,55,0,36
73,4,56,0,36
73,4,57,0,36
73,4,58,0,36
73,4,59,0,36
73,4,60,0,36
73,4,61,0,36
73,4,62,0,36
73,4,63,0,36
73,5,0,0,29.2
73,5,1,0,29.2
73,5,2,0,29.2
73,5,3,0,29.2
73,5,4,0,29.2
73,5,5,0,29.2
73,5,6,0,29.2
73,5,7,0,29.2
73,5,8,0,29.2
73,5,9,0,29.2
73,5,10,0,29.2
73,5,11,0,29.2
73,5,12,0,29.2
73,5,13,0,29.2
73,5,14,0,29.2
73,5,15,0,29.2
73,5,16,0,29.2
73,5,17,0,29.2
73,5,18,0,29.2
73,5,19,0,29.2
73,5,20,0,29.2
73,5,21,0,29.2
73,5,22,0,29.2
73,5,23,0,29.2
73,5,24,0,29.2
73,5,25,0,29.2
73,5,26,0,29.2
73,5,27,0,29.2
73,5,28,0,29.2
73,5,29,0,29.2
73,5,30,0,29.2
73,5,31,0,29.2
73,5,32,0,29.2
73,5,33,0,29.2
73,5,34,0,29.2
73,5,35,0,29.2
73,5,36,0,29.2
73,5,37,0,29.2
73,5,38,0,29.2
73,5,39,146,29.2
73,5,40,0,29.2
73,5,41,0,29.2
73,5,42,0,29.2
73,5,43,0,29.2
73,5,44,0,29.2
73,5,45,0,29.2
73,5,46,0,29.2
73,5,47,0,29.2
73,5,48,0,29.2
73,5,49,0,29.2
73,5,50,0,29.2
73,5,51,0,29.2
73,5,52,0,29.2
73,5,53,0,29.2
73,5,54,0,29.2
73,5,55,0,29.2
73,5,56,0,29.2
73,5,57,0,29.2
73,5,58,0,29.2
73,5,59,0,29.2
73,5,60,0,29.2
73,5,61,0,29.2
73,5,62,0,29.2
73,5,63,0,29.2
73,6,0,0,25
73,6,1,0,25
73,6,2,0,25
73,6,3,0,25
73,6,4,0,25
73,6,5,0,25
73,6,6,0,25
73,6,7,0,25
73,6,8,0,25
73,6,9,0,25
73,6,10,0,25
73,6,11,0,25
73,6,12,0,25
73,6,13,0,25
73,6,14,0,25
73,6,15,0,25
73,6,16,0,25
73,6,17,0,25
73,6,18,0,25
73,6,19,0,25
73,6,20,0,25
73,6,21,0,25
73,6,22,0,25
73,6,23,0,25
73,6,24,0,25
73,6,25,0,25
73,6,26,0,25
73,6,27,0,25
73,6,28,0,25
73,6,29,0,25
73,6,30,0,25
73,6,31,0,25
73,6,32,0,25
73,6,33,0,25
73,6,34,0,25
73,6,35,0,25
73,6,36,0,25
73,6,37,0,25
73,6,38,0,25
73,6,39,150,25
73,6,40,0,25
73,6,41,0,25
73,6,42,0,25
73,6,43,0,25
73,6,44,0,25
73,6,45,0,25
73,6,46,0,25
73,6,47,0,25
73,6,48,0,25
73,6,49,0,25
73,6,50,0,25
73,6,51,0,25
73,6,52,0,25
73,6,53,0,25
73,6,54,0,25
73,6,55,0,25
73,6,56,0,25
73,6,57,0,25
73,6,58,0,25
73,6,59,0,25
73,6,60,0,25
73,6,61,0,25
73,6,62,0,25
73,6,63,0,25
73,7,0,0,24
73,7,1,0,24
73,7,2,0,24
73,7,3,0,24
73,7,4,0,24
73,7,5,0,24
73,7,6,0,24
73,7,7,0,24
73,7,8,0,24
73,7,9,0,24
73,7,10,0,24
73,7,11,0,24
73,7,12,0,24
73,7,13,0,24
73,7,14,0,24
73,7,15,0,24
73,7,16,0,24
73,7,17,0,24
73,7,18,0,24
73,7,19,0,24
73,7,20,0,24
73,7,21,0,24
73,7,22,0,24
73,7,23,0,24
73,7,24,0,24
73,7,25,0,24
73,7,26,0,24
73,7,27,0,24
73,7,28,0,24
73,7,29,0,24
73,7,30,0,24
73,7,31,0,24
73,7,32,0,24
73,7,33,0,24
73,7,34,0,24
73,7,35,0,24
73,7,36,0,24
73,7,37,0,24
73,7,38,0,24
73,7,39,168,24
73,7,40,0,24
73,7,41,0,24
73,7,42,0,24
73,7,43,0,24
73,7,44,0,24
73,7,45,0,24
73,7,46,0,24
73,7,47,0,24
73,7,48,0,24
73,7,49,0,24
73,7,50,0,24
73,7,51,0,24
73,7,52,0,24
73,7,53,0,24
73,7,54,0,24
73,7,55,0,24
73,7,56,0,24
73,7,57,0,24
73,7,58,0,24
73,7,59,0,24
73,7,60,0,24
73,7,61,0,24
73,7,62,0,24
73,7,63,0,24
73,8,0,0,30.875
73,8,1,0,30.875
73,8,2,0,30.875
73,8,3,0,30.875
73,8,4,0,30.875
73,8,5,0,30.875
73,8,6,0,30.875
73,8,7,0,30.875
73,8,8,0,30.875
73,8,9,0,30.875
73,8,10,0,30.875
73,8,11,0,30.875
73,8,12,0,30.875
73,8,13,0,30.875
73,8,14,0,30.875
73,8,15,0,30.875
73,8,16,0,30.875
73,8,17,0,30.875
73,8,18,0,30.875
73,8,19,0,30.875
73,8,20,0,30.875
73,8,21,0,30.875
73,8,22,0,30.875
73,8,23,0,30.875
73,8,24,0,30.875
73,8,25,0,30.875
73,8,26,0,30.875
73,8,27,0,30.875
73,8,28,0,30.875
73,8,29,0,30.875
73,8,30,0,30.875
73,8,31,0,30.875
73,8,32,0,30.875
73,8,33,0,30.875
73,8,34,0,30.875
73,8,35,0,30.875
73,8,36,0,30.875
73,8,37,0,30.875
73,8,38,0,30.875
73,8,39,247,30.875
73,8,40,0,30.875
73,8,41,0,30.875
73,8,42,0,30.875
73,8,43,0,30.875
73,8,44,0,30.875
73,8,45,0,30.875
73,8,46,0,30.875
73,8,47,0,30.875
73,8,48,0,30.875
73,8,49,0,30.875
73,8,50,0,30.875
73,8,51,0,30.875
73,8,52,0,30.875
73,8,53,0,30.875
73,8,54,0,30.875
73,8,55,0,30.875
73,8,56,0,30.875
73,8,57,0,30.875
73,8,58,0,30.875
73,8,59,0,30.875
73,8,60,0,30.875
73,8,61,0,30.875
73,8,62,0,30.875
73,8,63,0,30.875
73,9,0,0,27.7778
73,9,1,0,27.7778
73,9,2,0,27.7778
73,9,3,0,27.7778
73,9,4,0,27.7778
73,9,5,0,27.7778
73,9,6,0,27.7778
73,9,7,0,27.7778
73,9,8,0,27.7778
73,9,9,0,27.7778
73,9,10,0,27.7778
73,9,11,0,27.7778
73,9,12,0,27.7778
73,9,13,0,27.7778
73,9,14,0,27.7778
73,9,15,0,27.7778
73,9,16,0,27.7778
73,9,17,0,27.7778
73,9,18,0,27.7778
73,9,19,0,27.7778
73,9,20,0,27.7778
73,9,21,0,27.7778
73,9,22,0,27.7778
73,9,23,0,27.7778
73,9,24,0,27.7778
73,9,25,0,27.7778
73,9,26,0,27.7778
73,9,27,0,27.7778
73,9,28,0,27.7778
73,9,29,0,27.7778
73,9,30,0,27.7778
73,9,31,0,27.7778
73,9,32,0,27.7778
73,9,33,0,27.7778
73,9,34,0,27.7778
73,9,35,0,27.7778
73,9,36,0,27.7778
73,9,37,0,27.7778
73,9,38,0,27.7778
73,9,39,250,27.7778
73,9,40,0,27.7778
73,9,41,0,27.7778
73,9,42,0,27.7778
73,9,43,0,27.7778
73,9,44,0,27.7778
73,9,45,0,27.7778
73,9,46,0,27.7778
73,9,47,0,27.7778
73,9,48,0,27.7778
73,9,49,0,27.7778
73,9,50,0,27.7778
73,9,51,0,27.7778
73,9,52,0,27.7778
73,9,53,0,27.7778
73,9,54,0,27.7778
73,9,55,0,27.7778
73,9,56,0,27.7778
73,9,57,0,27.7778
73,9,58,0,27.7778
73,9,59,0,27.7778
73,9,60,0,27.7778
73,9,61,0,27.7778
73,9,62,0,27.7778
73,9,63,0,27.7778
73,10,0,0,37.1
73,10,1,0,37.1
73,10,2,0,37.1
73,10,3,0,37.1
73,10,4,0,37.1
73,10,5,0,37.1
73,10,6,0,37.1
73,10,7,0,37.1
73,10,8,0,37.1
73,10,9,0,37.1
73,10,10,0,37.1
73,10,11,0,37.1
73,10,12,0,37.1
73,10,13,0,37.1
73,10,14,0,37.1
73,10,15,0,37.1
73,10,16,0,37.1
73,10,17,0,37.1
73,10,18,0,37.1
73,10,19,0,37.1
73,10,20,0,37.1
73,10,21,0,37.1
73,10,22,0,37.1
73,10,23,0,37.1
73,10,24,0,37.1
73,10,25,0,37.1
73,10,26,0,37.1
73,10,27,0,37.1
73,10,28,0,37.1
73,10,29,0,37.1
73,10,30,0,37.1
73,10,31,0,37.1
73,10,32,0,37.1
73,10,33,0,37.1
73,10,34,0,37.1
73,10,35,0,37.1
73,10,36,0,37.1
73,10,37,0,37.1
73,10,38,0,37.1
73,10,39,371,37.1
73,10,40,0,37.1
73,10,41,0,37.1
73,10,42,0,37.1
73,10,43,0,37.1
73,10,44,0,37.1
73,10,45,0,37.1
73,10,46,0,37.1
73,10,47,0,37.1
73,10,48,0,37.1
73,10,49,0,37.1
73,10,50,0,37.1
73,10,51,0,37.1
73,10,52,0,37.1
73,10,53,0,37.1
73,10,54,0,37.1
73,10,55,0,37.1
73,10,56,0,37.1
73,10,57,0,37.1
73,10,58,0,37.1
73,10,59,0,37.1
73,10,60,0,37.1
73,10,61,0,37.1
73,10,62,0,37.1
73,10,63,0,37.1
73,11,0,0,35.0909
73,11,1,0,35.0909
73,11,2,0,35.0909
73,11,3,0,35.0909
73,11,4,0,35.0909
73,11,5,0,35.0909
73,11,6,0,35.0909
73,11,7,0,35.0909
73,11,8,0,35.0909
73,11,9,0,35.0909
73,11,10,0,35.0909
73,11,11,0,35.0909
73,11,12,0,35.0909
73,11,13,0,35.0909
73,11,14,0,35.0909
73,11,15,0,35.0909
73,11,16,0,35.0909
73,11,17,0,35.0909
73,11,18,0,35.0909
73,11,19,0,35.0909
73,11,20,0,35.0909
73,11,21,0,35.0909
73,11,22,0,35.0909
73,11,23,0,35.0909
73,11,24,0,35.0909
73,11,25,0,35.0909
73,11,26,0,35.0909
73,11,27,0,35.0909
73,11,28,0,35.0909
73,11,29,0,35.0909
73,11,30,0,35.0909
73,11,31,0,35.0909
73,11,32,0,35.0909
73,11,33,0,35.0909
73,11,34,0,35.0909
73,11,35,0,35.0909
73,11,36,0,35.0909
73,11,37,0,35.0909
73,11,38,0,35.0909
73,11,39,386,35.0909
73,11,40,0,35.0909
73,11,41,0,35.0909
73,11,42,0,35.0909
73,11,43,0,35.0909
73,11,44,0,35.0909
73,11,45,0,35.0909
73,11,46,0,35.0909
73,11,47,0,35.0909
73,11,48,0,35.0909
73,11,49,0,35.0909
73,11,50,0,35.0909
73,11,51,0,35.0909
73,11,52,0,35.0909
73,11,53,0,35.0909
73,11,54,0,35.0909
73,11,55,0,35.0909
73,11,56,0,35.0909
73,11,57,0,35.0909
73,11,58,0,35.0909
73,11,59,0,35.0909
73,11,60,0,35.0909
73,11,61,0,35.0909
73,11,62,0,35.0909
73,11,63,0,35.0909
73,12,0,0,36.5
73,12,1,0,36.5
73,12,2,0,36.5
73,12,3,0,36.5
73,12,4,0,36.5
73,12,5,0,36.5
73,12,6,0,36.5
73,12,7,0,36.5
73,12,8,0,36.5
73,12,9,0,36.5
73,12,10,0,36.5
73,12,11,0,36.5
73,12,12,0,36.5
73,12,13,0,36.5
73,12,14,0,36.5
73,12,15,0,36.5
73,12,16,0,36.5
73,12,17,0,36.5
73,12,18,0,36.5
73,12,19,0,36.5
73,12,20,0,36.5
73,12,21,0,36.5
73,12,22,0,36.5
73,12,23,0,36.5
73,12,24,0,36.5
73,12,25,0,36.5
73,12,26,0,36.5
73,12,27,0,36.5
73,12,28,0,36.5
73,12,29,0,36.5
73,12,30,0,36.5
73,12,31,0,36.5
73,12,32,0,36.5
73,12,33,0,36.5
73,12,34,0,36.5
73,12,35,0,36.5
73,12,36,0,36.5
73,12,37,0,36.5
73,12,38,0,36.5
73,12,39,438,36.5
73,12,40,0,36.5
73,12,41,0,36.5
73,12,42,0,36.5
73,12,43,0,36.5
73,12,44,0,36.5
73,12,45,0,36.5
73,12,46,0,36.5
73,12,47,0,36.5
73,12,48,0,36.5
73,12,49,0,36.5
73,12,50,0,36.5
73,12,51,0,36.5
73,12,52,0,36.5
73,12,53,0,36.5
73,12,54,0,36.5
73,12,55,0,36.5
73,12,56,0,36.5
73,12,57,0,36.5
73,12,58,0,36.5
73,12,59,0,36.5
73,12,60,0,36.5
73,12,61,0,36.5
73,12,62,0,36.5
73,12,63,0,36.5
73,13,0,0,38.2308
73,13,1,0,38.2308
73,13,2,0,38.2308
73,13,3,0,38.2308
73,13,4,0,38.2308
73,13,5,0,38.2308
73,13,6,0,38.2308
73,13,7,0,38.2308
73,13,8,0,38.2308
73,13,9,0,38.2308
73,13,10,0,38.2308
73,13,11,0,38.2308
73,13,12,0,38.2308
73,13,13,0,38.2308
73,13,14,0,38.2308
73,13,15,0,38.2308
73,13,16,0,38.2308
73,13,17,0,38.2308
73,13,18,0,38.2308
73,13,19,0,38.2308
73,13,20,0,38.2308
73,13,21,0,38.2308
73,13,22,0,38.2308
73,13,23,0,38.2308
73,13,24,0,38.2308
73,13,25,0,38.2308
73,13,26,0,38.2308
73,13,27,0,38.2308
73,13,28,0,38.2308
73,13,29,0,38.2308
73,13,30,0,38.2308
73,13,31,0,38.2308
73,13,32,0,38.2308
73,13,33,0,38.2308
73,13,34,0,38.2308
73,13,35,0,38.2308
73,13,36,0,38.2308
73,13,37,0,38.2308
73,13,38,0,38.2308
73,13,39,497,38.2308
73,13,40,0,38.2308
73,13,41,0,38.2308
73,13,42,0,38.2308
73,13,43,0,38.2308
73,13,44,0,38.2308
73,13,45,0,38.2308
73,13,46,0,38.2308
73,13,47,0,38.2308
73,13,48,0,38.2308
73,13,49,0,38.2308
73,13,50,0,38.2308
73,13,51,0,38.2308
73,13,52,0,38.2308
73,13,53,0,38.2308
73,13,54,0,38.2308
73,13,55,0,38.2308
73,13,56,0,38.2308
73,13,57,0,38.2308
73,13,58,0,38.2308
73,13,59,0,38.2308
73,13,60,0,38.2308
73,13,61,0,38.2308
73,13,62,0,38.2308
73,13,63,0,38.2308
73,14,0,0,37.5714
73,14,1,0,37.5714
73,14,2,0,37.5714
73,14,3,0,37.5714
73,14,4,0,37.5714
73,14,5,0,37.5714
73,14,6,0,37.5714
73,14,7,0,37.5714
73,14,8,0,37.5714
73,14,9,0,37.5714
73,14,10,0,37.5714
73,14,11,0,37.5714
73,14,12,0,37.5714
73,14,13,0,37.5714
73,14,14,0,37.5714
73,14,15,0,37.5714
73,14,16,0,37.5714
73,14,17,0,37.5714
73,14,18,0,37.5714
73,14,19,0,37.5714
73,14,20,0,37.5714
73,14,21,0,37.5714
73,14,22,0,37.5714
73,14,23,0,37.5714
73,14,24,0,37.5714
73,14,25,0,37.5714
73,14,26,0,37.5714
73,14,27,0,37.5714
73,14,28,0,37.5714
73,14,29,0,37.5714
73,14,30,0,37.5714
73,14,31,0,37.5714
73,14,32,0,37.5714
73,14,33,0,37.5714
73,14,34,0,37.5714
73,14,35,0,37.5714
73,14,36,0,37.5714
73,14,37,0,37.5714
73,14,38,0,37.5714
73,14,39,526,37.5714
73,14,40,0,37.5714
73,14,41,0,37.5714
73,14,42,0,37.5714
73,14,43,0,37.5714
73,14,44,0,37.5714
73,14,45,0,37.5714
73,14,46,0,37.5714
73,14,47,0,37.5714
73,14,48,0,37.5714
73,14,49,0,37.5714
73,14,50,0,37.5714
73,14,51,0,37.5714
73,14,52,0,37.5714
73,14,53,0,37.5714
73,14,54,0,37.5714
73,14,55,0,37.5714
73,14,56,0,37.5714
73,14,57,0,37.5714
73,14,58,0,37.5714
73,14,59,0,37.5714
73,14,60,0,37.5714
73,14,61,0,37.5714
73,14,62,0,37.5714
73,14,63,0,37.5714
73,15,0,0,37.1333
73,15,1,0,37.1333
73,15,2,0,37.1333
73,15,3,0,37.1333
73,15,4,0,37.1333
73,15,5,0,37.1333
73,15,6,0,37.1333
73,15,7,0,37.1333
73,15,8,0,37.1333
73,15,9,0,37.1333
73,15,10,0,37.1333
73,15,11,0,37.1333
73,15,12,0,37.1333
73,15,13,0,37.1333
73,15,14,0,37.1333
73,15,15,0,37.1333
73,15,16,0,37.1333
73,15,17,0,37.1333
73,15,18,0,37.1333
73,15,19,0,37.1333
73,15,20,0,37.1333
73,15,21,0,37.1333
73,15,22,0,37.1333
73,15,23,0,37.1333
73,15,24,0,37.1333
73,15,25,0,37.1333
73,15,26,0,37.1333
73,15,27,0,37.1333
73,15,28,0,37.1333
73,15,29,0,37.1333
73,15,30,0,37.1333
73,15,31,0,37.1333
73,15,32,0,37.1333
73,15,33,0,37.1333
73,15,34,0,37.1333
73,15,35,0,37.1333
73,15,36,0,37.1333
73,15,37,0,37.1333
73,15,38,0,37.1333
73,15,39,557,37.1333
73,15,40,0,37.1333
73,15,41,0,37.1333
73,15,42,0,37.1333
73,15,43,0,37.1333
73,15,44,0,37.1333
73,15,45,0,37.1333
73,15,46,0,37.1333
73,15,47,0,37.1333
73,15,48,0,37.1333
73,15,49,0,37.1333
73,15,50,0,37.1333
73,15,51,0,37.1333
73,15,52,0,37.1333
73,15,53,0,37.1333
73,15,54,0,37.1333
73,15,55,0,37.1333
73,15,56,0,37.1333
73,15,57,0,37.1333
73,15,58,0,37.1333
73,15,59,0,37.1333
73,15,60,0,37.1333
73,15,61,0,37.1333
73,15,62,0,37.1333
73,15,63,0,37.1333
73,16,0,0,35.375
73,16,1,0,35.375
73,16,2,0,35.375
73,16,3,0,35.375
73,16,4,0,35.375
73,16,5,0,35.375
73,16,6,0,35.375
73,16,7,0,35.375
73,16,8,0,35.375
73,16,9,0,35.375
73,16,10,0,35.375
73,16,11,0,35.375
73,16,12,0,35.375
73,16,13,0,35.375
73,16,14,0,35.375
73,16,15,0,35.375
73,16,16,0,35.375
73,16,17,0,35.375
73,16,18,0,35.375
73,16,19,0,35.375
73,16,20,0,35.375
73,16,21,0,35.375
73,16,22,0,35.375
73,16,23,0,35.375
73,16,24,0,35.375
73,16,25,0,35.375
73,16,26,0,35.375
73,16,27,0,35.375
73,16,28,0,35.375
73,16,29,0,35.375
73,16,30,0,35.375
73,16,31,0,35.375
73,16,32,0,35.375
73,16,33,0,35.375
73,16,34,0,35.375
73,16,35,0,35.375
73,16,36,0,35.375
73,16,37,0,35.375
73,16,38,0,35.375
73,16,39,566,35.375
73,16,40,0,35.375
73,16,41,0,35.375
73,16,42,0,35.375
73,16,43,0,35.375
73,16,44,0,35.375
73,16,45,0,35.375
73,16,46,0,35.375
73,16,47,0,35.375
73,16,48,0,35.375
73,16,49,0,35.375
73,16,50,0,35.375
73,16,51,0,35.375
73,16,52,0,35.375
73,16,53,0,35.375
73,16,54,0,35.375
73,16,55,0,35.375
73,16,56,0,35.375
73,16,57,0,35.375
73,16,58,0,35.375
73,16,59,0,35.375
73,16,60,0,35.375
73,16,61,0,35.375
73,16,62,0,35.375
73,16,63,0,35.375
73,17,0,0,33.4706
73,17,1,0,33.4706
73,17,2,0,33.4706
73,17,3,0,33.4706
73,17,4,0,33.4706
73,17,5,0,33.4706
73,17,6,0,33.4706
73,17,7,0,33.4706
73,17,8,0,33.4706
73,17,9,0,33.4706
73,17,10,0,33.4706
73,17,11,0,33.4706
73,17,12,0,33.4706
73,17,13,0,33.4706
73,17,14,0,33.4706
73,17,15,0,33.4706
73,17,16,0,33.4706
73,17,17,0,33.4706
73,17,18,0,33.4706
73,17,19,0,33.4706
73,17,20,0,33.4706
73,17,21,0,33.4706
73,17,22,0,33.4706
73,17,23,0,33.4706
73,17,24,0,33.4706
73,17,25,0,33.4706
73,17,26,0,33.4706
73,17,27,0,33.4706
73,17,28,0,33.4706
73,17,29,0,33.4706
73,17,30,0,33.4706
73,17,31,0,33.4706
73,17,32,0,33.4706
73,17,33,0,33.4706
73,17,34,0,33.4706
73,17,35,0,33.4706
73,17,36,0,33.4706
73,17,37,0,33.4706
73,17,38,0,33.4706
73,17,39,569,33.4706
73,17,40,0,33.4706
73,17,41,0,33.4706
73,17,42,0,33.4706
73,17,43,0,33.4706
73,17,44,0,33.4706
73,17,45,0,33.4706
73,17,46,0,33.4706
73,17,47,0,33.4706
73,17,48,0,33.4706
73,17,49,0,33.4706
73,17,50,0,33.4706
73,17,51,0,33.4706
73,17,52,0,33.4706
73,17,53,0,33.4706
73,17,54,0,33.4706
73,17,55,0,33.4706
73,17,56,0,33.4706
73,17,57,0,33.4706
73,17,58,0,33.4706
73,17,59,0,33.4706
73,17,60,0,33.4706
73,17,61,0,33.4706
73,17,62,0,33.4706
73,17,63,0,33.4706
73,18,0,0,32
73,18,1,0,32
73,18,2,0,32
73,18,3,0,32
73,18,4,0,32
73,18,5,0,32
73,18,6,0,32
73,18,7,0,32
73,18,8,0,32
73,18,9,0,32
73,18,10,0,32
73,18,11,0,32
73,18,12,0,32
73,18,13,0,32
73,18,14,0,32
73,18,15,0,32
73,18,16,0,32
73,18,17,0,32
73,18,18,0,32
73,18,19,0,32
73,18,20,0,32
73,18,21,0,32
73,18,22,0,32
73,18,23,0,32
73,18,24,0,32
73,18,25,0,32
73,18,26,0,32
73,18,27,0,32
73,18,28,0,32
73,18,29,0,32
73,18,30,0,32
73,18,31,0,32
73,18,32,0,32
73,18,33,0,32
73,18,34,0,32
73,18,35,0,32
73,18,36,0,32
73,18,37,0,32
73,18,38,0,32
73,18,39,576,32
73,18,40,0,32
73,18,41,0,32
73,18,42,0,32
73,18,43,0,32
73,18,44,0,32
73,18,45,0,32
73,18,46,0,32
73,18,47,0,32
73,18,48,0,32
73,18,49,0,32
73,18,50,0,32
73,18,51,0,32
73,18,52,0,32
73,18,53,0,32
73,18,54,0,32
73,18,55,0,32
73,18,56,0,32
73,18,57,0,32
73,18,58,0,32
73,18,59,0,32
73,18,60,0,32
73,18,61,0,32
73,18,62,0,32
73,18,63,0,32
73,19,0,0,31.5789
73,19,1,0,31.5789
73,19,2,0,31.5789
73,19,3,0,31.5789
73,19,4,0,31.5789
73,19,5,0,31.5789
73,19,6,0,31.5789
73,19,7,0,31.5789
73,19,8,0,31.5789
73,19,9,0,31.5789
73,19,10,0,31.5789
73,19,11,0,31.5789
73,19,12,0,31.5789
73,19,13,0,31.5789
73,19,14,0,31.5789
73,19,15,0,31.5789
73,19,16,0,31.5789
73,19,17,0,31.5789
73,19,18,0,31.5789
73,19,19,0,31.5789
73,19,20,0,31.5789
73,19,21,0,31.5789
73,19,22,0,31.5789
73,19,23,0,31.5789
73,19,24,0,31.5789
73,19,25,0,31.5789
73,19,26,0,31.5789
73,19,27,0,31.5789
73,19,28,0,31.5789
73,19,29,0,31.5789
73,19,30,0,31.5789
73,19,31,0,31.5789
73,19,32,0,31.5789
73,19,33,0,31.5789
73,19,34,0,31.5789
73,19,35,0,31.5789
73,19,36,0,31.5789
73,19,37,0,31.5789
73,19,38,0,31.5789
73,19,39,600,31.5789
73,19,40,0,31.5789
73,19,41,0,31.5789
73,19,42,0,31.5789
73,19,43,0,31.5789
73,19,44,0,31.5789
73,19,45,0,31.5789
73,19,46,0,31.5789
73,19,47,0,31.5789
73,19,48,0,31.5789
73,19,49,0,31.5789
73,19,50,0,31.5789
73,19,51,0,31.5789
73,19,52,0,31.5789
73,19,53,0,31.5789
73,19,54,0,31.5789
73,19,55,0,31.5789
73,19,56,0,31.5789
73,19,57,0,31.5789
73,19,58,0,31.5789
73,19,59,0,31.5789
73,19,60,0,31.5789
73,19,61,0,31.5789
73,19,62,0,31.5789
73,19,63,0,31.5789
73,20,0,0,31.95
73,20,1,0,31.95
73,20,2,0,31.95
73,20,3,0,31.95
73,20,4,0,31.95
73,20,5,0,31.95
73,20,6,0,31.95
73,20,7,0,31.95
73,20,8,0,31.95
73,20,9,0,31.95
73,20,10,0,31.95
73,20,11,0,31.95
73,20,12,0,31.95
73,20,13,0,31.95
73,20,14,0,31.95
73,20,15,0,31.95
73,20,16,0,31.95
73,20,17,0,31.95
73,20,18,0,31.95
73,20,19,0,31.95
73,20,20,0,31.95
73,20,21,0,31.95
73,20,22,0,31.95
73,20,23,0,31.95
73,20,24,0,31.95
73,20,25,0,31.95
73,20,26,0,31.95
73,20,27,0,31.95
73,20,28,0,31.95
73,20,29,0,31.95
73,20,30,0,31.95
73,20,31,0,31.95
73,20,32,0,31.95
73,20,33,0,31.95
73,20,34,0,31.95
73,20,35,0,31.95
73,20,36,0,31.95
73,20,37,0,31.95
73,20,38,0,31.95
73,20,39,639,31.95
73,20,40,0,31.95
73,20,41,0,31.95
73,20,42,0,31.95
73,20,43,0,31.95
73,20,44,0,31.95
73,20,45,0,31.95
73,20,46,0,31.95
73,20,47,0,31.95
73,20,48,0,31.95
73,20,49,0,31.95
73,20,50,0,31.95
73,20,51,0,31.95
73,20,52,0,31.95
73,20,53,0,31.95
73,20,54,0,31.95
73,20,55,0,31.95
73,20,56,0,31.95
73,20,57,0,31.95
73,20,58,0,31.95
73,20,59,0,31.95
73,20,60,0,31.95
73,20,61,0,31.95
73,20,62,0,31.95
73,20,63,0,31.95
73,21,0,0,32.4762
73,21,1,0,32.4762
73,21,2,0,32.4762
73,21,3,0,32.4762
73,21,4,0,32.4762
73,21,5,0,32.4762
73,21,6,0,32.4762
73,21,7,0,32.4762
73,21,8,0,32.4762
73,21,9,0,32.4762
73,21,10,0,32.4762
73,21,11,0,32.4762
73,21,12,0,32.4762
73,21,13,0,32.4762
73,21,14,0,32.4762
73,21,15,0,32.4762
73,21,16,0,32.4762
73,21,17,0,32.4762
73,21,18,0,32.4762
73,21,19,0,32.4762
73,21,20,0,32.4762
73,21,21,0,32.4762
73,21,22,0,32.4762
73,21,23,0,32.4762
73,21,24,0,32.4762
73,21,25,0,32.4762
73,21,26,0,32.4762
73,21,27,0,32.4762
73,21,28,0,32.4762
73,21,29,0,32.4762
73,21,30,0,32.4762
73,21,31,0,32.4762
73,21,32,0,32.4762
73,21,33,0,32.4762
73,21,34,0,32.4762
73,21,35,0,32.4762
73,21,36,0,32.4762
73,21,37,0,32.4762
73,21,38,0,32.4762
73,21,39,682,32.4762
73,21,40,0,32.4762
73,21,41,0,32.4762
73,21,42,0,32.4762
73,21,43,0,32.4762
73,21,44,0,32.4762
73,21,45,0,32.4762
73,21,46,0,32.4762
73,21,47,0,32.4762
73,21,48,0,32.4762
73,21,49,0,32.4762
73,21,50,0,32.4762
73,21,51,0,32.4762
73,21,52,0,32.4762
73,21,53,0,32.4762
73,21,54,0,32.4762
73,21,55,0,32.4762
73,21,56,0,32.4762
73,21,57,0,32.4762
73,21,58,0,32.4762
73,21,59,0,32.4762
73,21,60,0,32.4762
73,21,61,0,32.4762
73,21,62,0,32.4762
73,21,63,0,32.4762
73,22,0,0,33.4091
73,22,1,0,33.4091
73,22,2,0,33.4091
73,22,3,0,33.4091
73,22,4,0,33.4091
73,22,5,0,33.4091
73,22,6,0,33.4091
73,22,7,0,33.4091
73,22,8,0,33.4091
73,22,9,0,33.4091
73,22,10,0,33.4091
73,22,11,0,33.4091
73,22,12,0,33.4091
73,22,13,0,33.4091
73,22,14,0,33.4091
73,22,15,0,33.4091
73,22,16,0,33.4091
73,22,17,0,33.4091
73,22,18,0,33.4091
73,22,19,0,33.4091
73,22,20,0,33.4091
73,22,21,0,33.4091
73,22,22,0,33.4091
73,22,23,0,33.4091
73,22,24,0,33.4091
73,22,25,0,33.4091
73,22,26,0,33.4091
73,22,27,0,33.4091
73,22,28,0,33.4091
73,22,29,0,33.4091
73,22,30,0,33.4091
73,22,31,0,33.4091
73,22,32,0,33.4091
73,22,33,0,33.4091
73,22,34,0,33.4091
73,22,35,0,33.4091
73,22,36,0,33.4091
73,22,37,0,33.4091
73,22,38,0,33.4091
73,22,39,735,33.4091
73,22,40,0,33.4091
73,22,41,0,33.4091
73,22,42,0,33.4091
73,22,43,0,33.4091
73,22,44,0,33.4091
73,22,45,0,33.4091
73,22,46,0,33.4091
73,22,47,0,33.4091
73,22,48,0,33.4091
73,22,49,0,33.4091
73,22,50,0,33.4091
73,22,51,0,33.4091
73,22,52,0,33.4091
73,22,53,0,33.4091
73,22,54,0,33.4091
73,22,55,0,33.4091
73,22,56,0,33.4091
73,22,57,0,33.4091
73,22,58,0,33.4091
73,22,59,0,33.4091
73,22,60,0,33.4091
73,22,61,0,33.4091
73,22,62,0,33.4091
73,22,63,0,33.4091
73,23,0,0,32.2609
73,23,1,0,32.2609
73,23,2,0,32.2609
73,23,3,0,32.2609
73,23,4,0,32.2609
73,23,5,0,32.2609
73,23,6,0,32.2609
73,23,7,0,32.2609
73,23,8,0,32.2609
73,23,9,0,32.2609
73,23,10,0,32.2609
73,23,11,0,32.2609
73,23,12,0,32.2609
73,23,13,0,32.2609
73,23,14,0,32.2609
73,23,15,0,32.2609
73,23,16,0,32.2609
73,23,17,0,32.2609
73,23,18,0,32.2609
73,23,19,0,32.2609
73,23,20,0,32.2609
73,23,21,0,32.2609
73,23,22,0,32.2609
73,23,23,0,32.2609
73,23,24,0,32.2609
73,23,25,0,32.2609
73,23,26,0,32.2609
73,23,27,0,32.2609
73,23,28,0,32.2609
73,23,29,0,32.2609
73,23,30,0,32.2609
73,23,31,0,32.2609
73,23,32,0,32.2609
73,23,33,0,32.2609
73,23,34,0,32.2609
73,23,35,0,32.2609
73,23,36,0,32.2609
73,23,37,0,32.2609
73,23,38,0,32.2609
73,23,39,742,32.2609
73,23,40,0,32.2609
73,23,41,0,32.2609
73,23,42,0,32.2609
73,23,43,0,32.2609
73,23,44,0,32.2609
73,23,45,0,32.2609
73,23,46,0,32.2609
73,23,47,0,32.2609
73,23,48,0,32.2609
73,23,49,0,32.2609
73,23,50,0,32.2609
73,23,51,0,32.2609
73,23,52,0,32.2609
73,23,53,0,32.2609
73,23,54,0,32.2609
73,23,55,0,32.2609
73,23,56,0,32.2609
73,23,57,0,32.2609
73,23,58,0,32.2609
73,23,59,0,32.2609
73,23,60,0,32.2609
73,23,61,0,32.2609
73,23,62,0,32.2609
73,23,63,0,32.2609
73,24,0,0,31.2083
73,24,1,0,31.2083
73,24,2,0,31.2083
73,24,3,0,31.2083
73,24,4,0,31.2083
73,24,5,0,31.2083
73,24,6,0,31.2083
73,24,7,0,31.2083
73,24,8,0,31.2083
73,24,9,0,31.2083
73,24,10,0,31.2083
73,24,11,0,31.2083
73,24,12,0,31.2083
73,24,13,0,31.2083
73,24,14,0,31.2083
73,24,15,0,31.2083
73,24,16,0,31.2083
73,24,17,0,31.2083
73,24,18,0,31.2083
73,24,19,0,31.2083
73,24,20,0,31.2083
73,24,21,0,31.2083
73,24,22,0,31.2083
73,24,23,0,31.2083
73,24,24,0,31.2083
73,24,25,0,31.2083
73,24,26,0,31.2083
73,24,27,0,31.2083
73,24,28,0,31.2083
73,24,29,0,31.2083
73,24,30,0,31.2083
73,24,31,0,31.2083
73,24,32,0,31.2083
73,24,33,0,31.2083
73,24,34,0,31.2083
73,24,35,0,31.2083
73,24,36,0,31.2083
73,24,37,0,31.2083
73,24,38,0,31.2083
73,24,39,749,31.2083
73,24,40,0,31.2083
73,24,41,0,31.2083
73,24,42,0,31.2083
73,24,43,0,31.2083
73,24,44,0,31.2083
73,24,45,0,31.2083
73,24,46,0,31.2083
73,24,47,0,31.2083
73,24,48,0,31.2083
73,24,49,0,31.2083
73,24,50,0,31.2083
73,24,51,0,31.2083
73,24,52,0,31.2083
73,24,53,0,31.2083
73,24,54,0,31.2083
73,24,55,0,31.2083
73,24,56,0,31.2083
73,24,57,0,31.2083
73,24,58,0,31.2083
73,24,59,0,31.2083
73,24,60,0,31.2083
73,24,61,0,31.2083
73,24,62,0,31.2083
73,24,63,0,31.2083
73,25,0,0,30.12
73,25,1,0,30.12
73,25,2,0,30.12
73,25,3,0,30.12
73,25,4,0,30.12
73,25,5,0,30.12
73,25,6,0,30.12
73,25,7,0,30.12
73,25,8,0,30.12
73,25,9,0,30.12
73,25,10,0,30.12
73,25,11,0,30.12
73,25,12,0,30.12
73,25,13,0,30.12
73,25,14,0,30.12
73,25,15,0,30.12
73,25,16,0,30.12
73,25,17,0,30.12
73,25,18,0,30.12
73,25,19,0,30.12
73,25,20,0,30.12
73,25,21,0,30.12
73,25,22,0,30.12
73,25,23,0,30.12
73,25,24,0,30.12
73,25,25,0,30.12
73,25,26,0,30.12
73,25,27,0,30.12
73,25,28,0,30.12
73,25,29,0,30.12
73,25,30,0,30.12
73,25,31,0,30.12
73,25,32,0,30.12
73,25,33,0,30.12
73,25,34,0,30.12
73,25,35,0,30.12
73,25,36,0,30.12
73,25,37,0,30.12
73,25,38,0,30.12
73,25,39,753,30.12
73,25,40,0,30.12
73,25,41,0,30.12
73,25,42,0,30.12
73,25,43,0,30.12
73,25,44,0,30.12
73,25,45,0,30.12
73,25,46,0,30.12
73,25,47,0,30.12
73,25,48,0,30.12
73,25,49,0,30.12
73,25,50,0,30.12
73,25,51,0,30.12
73,25,52,0,30.12
73,25,53,0,30.12
73,25,54,0,30.12
73,25,55,0,30.12
73,25,56,0,30.12
73,25,57,0,30.12
73,25,58,0,30.12
73,25,59,0,30.12
73,25,60,0,30.12
73,25,61,0,30.12
73,25,62,0,30.12
73,25,63,0,30.12
73,26,0,0,29.6538
73,26,1,0,29.6538
73,26,2,0,29.6538
73,26,3,0,29.6538
73,26,4,0,29.6538
73,26,5,0,29.6538
73,26,6,0,29.6538
73,26,7,0,29.6538
73,26,8,0,29.6538
73,26,9,0,29.6538
73,26,10,0,29.6538
73,26,11,0,29.6538
73,26,12,0,29.6538
73,26,13,0,29.6538
73,26,14,0,29.6538
73,26,15,0,29.6538
73,26,16,0,29.6538
73,26,17,0,29.6538
73,26,18,0,29.6538
73,26,19,0,29.6538
73,26,20,0,29.6538
73,26,21,0,29.6538
73,26,22,0,29.6538
73,26,23,0,29.6538
73,26,24,0,29.6538
73,26,25,0,29.6538
73,26,26,0,29.6538
73,26,27,0,29.6538
73,26,28,0,29.6538
73,26,29,0,29.6538
73,26,30,0,29.6538
73,26,31,0,29.6538
73,26,32,0,29.6538
73,26,33,0,29.6538
73,26,34,0,29.6538
73,26,35,0,29.6538
73,26,36,0,29.6538
73,26,37,0,29.6538
73,26,38,0,29.6538
73,26,39,771,29.6538
73,26,40,0,29.6538
73,26,41,0,29.6538
73,26,42,0,29.6538
73,26,43,0,29.6538
73,26,44,0,29.6538
73,26,45,0,29.6538
73,26,46,0,29.6538
73,26,47,0,29.6538
73,26,48,0,29.6538
73,26,49,0,29.6538
73,26,50,0,29.6538
73,26,51,0,29.6538
73,26,52,0,29.6538
73,26,53,0,29.6538
73,26,54,0,29.6538
73,26,55,0,29.6538
73,26,56,0,29.6538
73,26,57,0,29.6538
73,26,58,0,29.6538
73,26,59,0,29.6538
73,26,60,0,29.6538
73,26,61,0,29.6538
73,26,62,0,29.6538
73,26,63,0,29.6538
73,27,0,0,28.7407
73,27,1,0,28.7407
73,27,2,0,28.7407
73,27,3,0,28.7407
73,27,4,0,28.7407
73,27,5,0,28.7407
73,27,6,0,28.7407
73,27,7,0,28.7407
73,27,8,0,28.7407
73,27,9,0,28.7407
73,27,10,0,28.7407
73,27,11,0,28.7407
73,27,12,0,28.7407
73,27,13,0,28.7407
73,27,14,0,28.7407
73,27,15,0,28.7407
73,27,16,0,28.7407
73,27,17,0,28.7407
73,27,18,0,28.7407
73,27,19,0,28.7407
73,27,20,0,28.7407
73,27,21,0,28.7407
73,27,22,0,28.7407
73,27,23,0,28.7407
73,27,24,0,28.7407
73,27,25,0,28.7407
73,27,26,0,28.7407
73,27,27,0,28.7407
73,27,28,0,28.7407
73,27,29,0,28.7407
73,27,30,0,28.7407
73,27,31,0,28.7407
73,27,32,0,28.7407
73,27,33,0,28.7407
73,27,34,0,28.7407
73,27,35,0,28.7407
73,27,36,0,28.7407
73,27,37,0,28.7407
73,27,38,0,28.7407
73,27,39,776,28.7407
73,27,40,0,28.7407
73,27,41,0,28.7407
73,27,42,0,28.7407
73,27,43,0,28.7407
73,27,44,0,28.7407
73,27,45,0,28.7407
73,27,46,0,28.7407
73,27,47,0,28.7407
73,27,48,0,28.7407
73,27,49,0,28.7407
73,27,50,0,28.7407
73,27,51,0,28.7407
73,27,52,0,28.7407
73,27,53,0,28.7407
73,27,54,0,28.7407
73,27,55,0,28.7407
73,27,56,0,28.7407
73,27,57,0,28.7407
73,27,58,0,28.7407
73,27,59,0,28.7407
73,27,60,0,28.7407
73,27,61,0,28.7407
73,27,62,0,28.7407
73,27,63,0,28.7407
73,28,0,0,28.3214
73,28,1,0,28.3214
73,28,2,0,28.3214
73,28,3,0,28.3214
73,28,4,0,28.3214
73,28,5,0,28.3214
73,28,6,0,28.3214
73,28,7,0,28.3214
73,28,8,0,28.3214
73,28,9,0,28.3214
73,28,10,0,28.3214
73,28,11,0,28.3214
73,28,12,0,28.3214
73,28,13,0,28.3214
73,28,14,0,28.3214
73,28,15,0,28.3214
73,28,16,0,28.3214
73,28,17,0,28.3214
73,28,18,0,28.3214
73,28,19,0,28.3214
73,28,20,0,28.3214
73,28,21,0,28.3214
73,28,22,0,28.3214
73,28,23,0,28.3214
73,28,24,0,28.3214
73,28,25,0,28.3214
73,28,26,0,28.3214
73,28,27,0,28.3214
73,28,28,0,28.3214
73,28,29,0,28.3214
73,28,30,0,28.3214
73,28,31,0,28.3214
73,28,32,0,28.3214
73,28,33,0,28.3214
73,28,34,0,28.3214
73,28,35,0,28.3214
73,28,36,0,28.3214
73,28,37,0,28.3214
73,28,38,0,28.3214
73,28,39,793,28.3214
73,28,40,0,28.3214
73,28,41,0,28.3214
73,28,42,0,28.3214
73,28,43,0,28.3214
73,28,44,0,28.3214
73,28,45,0,28.3214
73,28,46,0,28.3214
73,28,47,0,28.3214
73,28,48,0,28.3214
73,28,49,0,28.3214
73,28,50,0,28.3214
73,28,51,0,28.3214
73,28,52,0,28.3214
73,28,53,0,28.3214
73,28,54,0,28.3214
73,28,55,0,28.3214
73,28,56,0,28.3214
73,28,57,0,28.3214
73,28,58,0,28.3214
73,28,59,0,28.3214
73,28,60,0,28.3214
73,28,61,0,28.3214
73,28,62,0,28.3214
73,28,63,0,28.3214
73,29,0,0,27.7931
73,29,1,0,27.7931
73,29,2,0,27.7931
73,29,3,0,27.7931
73,29,4,0,27.7931
73,29,5,0,27.7931
73,29,6,0,27.7931
73,29,7,0,27.7931
73,29,8,0,27.7931
73,29,9,0,27.7931
73,29,10,0,27.7931
73,29,11,0,27.7931
73,29,12,0,27.7931
73,29,13,0,27.7931
73,29,14,0,27.7931
73,29,15,0,27.7931
73,29,16,0,27.7931
73,29,17,0,27.7931
73,29,18,0,27.7931
73,29,19,0,27.7931
73,29,20,0,27.7931
73,29,21,0,27.7931
73,29,22,0,27.7931
73,29,23,0,27.7931
73,29,24,0,27.7931
73,29,25,0,27.7931
73,29,26,0,27.7931
73,29,27,0,27.7931
73,29,28,0,27.7931
73,29,29,0,27.7931
73,29,30,0,27.7931
73,29,31,0,27.7931
73,29,32,0,27.7931
73,29,33,0,27.7931
73,29,34,0,27.7931
73,29,35,0,27.7931
73,29,36,0,27.7931
73,29,37,0,27.7931
73,29,38,0,27.7931
73,29,39,806,27.7931
73,29,40,0,27.7931
73,29,41,0,27.7931
73,29,42,0,27.7931
73,29,43,0,27.7931
73,29,44,0,27.7931
73,29,45,0,27.7931
73,29,46,0,27.7931
73,29,47,0,27.7931
73,29,48,0,27.7931
73,29,49,0,27.7931
73,29,50,0,27.7931
73,29,51,0,27.7931
73,29,52,0,27.7931
73,29,53,0,27.7931
73,29,54,0,27.7931
73,29,55,0,27.7931
73,29,56,0,27.7931
73,29,57,0,27.7931
73,29,58,0,27.7931
73,29,59,0,27.7931
73,29,60,0,27.7931
73,29,61,0,27.7931
73,29,62,0,27.7931
73,29,63,0,27.7931
73,30,0,0,28
73,30,1,0,28
73,30,2,0,28
73,30,3,0,28
73,30,4,0,28
73,30,5,0,28
73,30,6,0,28
73,30,7,0,28
73,30,8,0,28
73,30,9,0,28
73,30,10,0,28
73,30,11,0,28
73,30,12,0,28
73,30,13,0,28
73,30,14,0,28
73,30,15,0,28
73,30,16,0,28
73,30,17,0,28
73,30,18,0,28
73,30,19,0,28
73,30,20,0,28
73,30,21,0,28
73,30,22,0,28
73,30,23,0,28
73,30,24,0,28
73,30,25,0,28
73,30,26,0,28
73,30,27,0,28
73,30,28,0,28
73,30,29,0,28
73,30,30,0,28
73,30,31,0,28
73,30,32,0,28
73,30,33,0,28
73,30,34,0,28
73,30,35,0,28
73,30,36,0,28
73,30,37,0,28
73,30,38,0,28
73,30,39,840,28
73,30,40,0,28
73,30,41,0,28
73,30,42,0,28
73,30,43,0,28
73,30,44,0,28
73,30,45,0,28
73,30,46,0,28
73,30,47,0,28
73,30,48,0,28
73,30,49,0,28
73,30,50,0,28
73,30,51,0,28
73,30,52,0,28
73,30,53,0,28
73,30,54,0,28
73,30,55,0,28
73,30,56,0,28
73,30,57,0,28
73,30,58,0,28
73,30,59,0,28
73,30,60,0,28
73,30,61,0,28
73,30,62,0,28
73,30,63,0,28
73,31,0,0,27.2903
73,31,1,0,27.2903
73,31,2,0,27.2903
73,31,3,0,27.2903
73,31,4,0,27.2903
73,31,5,0,27.2903
73,31,6,0,27.2903
73,31,7,0,27.2903
73,31,8,0,27.2903
73,31,9,0,27.2903
73,31,10,0,27.2903
73,31,11,0,27.2903
73,31,12,0,27.2903
73,31,13,0,27.2903
73,31,14,0,27.2903
73,31,15,0,27.2903
73,31,16,0,27.2903
73,31,17,0,27.2903
73,31,18,0,27.2903
73,31,19,0,27.2903
73,31,20,0,27.2903
73,31,21,0,27.2903
73,31,22,0,27.2903
73,31,23,0,27.2903
73,31,24,0,27.2903
73,31,25,0,27.2903
73,31,26,0,27.2903
73,31,27,0,27.2903
73,31,28,0,27.2903
73,31,29,0,27.2903
73,31,30,0,27.2903
73,31,31,0,27.2903
73,31,32,0,27.2903
73,31,33,0,27.2903
73,31,34,0,27.2903
73,31,35,0,27.2903
73,31,36,0,27.2903
73,31,37,0,27.2903
73,31,38,0,27.2903
73,31,39,846,27.2903
73,31,40,0,27.2903
73,31,41,0,27.2903
73,31,42,0,27.2903
73,31,43,0,27.2903
73,31,44,0,27.2903
73,31,45,0,27.2903
73,31,46,0,27.2903
73,31,47,0,27.2903
73,31,48,0,27.2903
73,31,49,0,27.2903
73,31,50,0,27.2903
73,31,51,0,27.2903
73,31,52,0,27.2903
73,31,53,0,27.2903
73,31,54,0,27.2903
73,31,55,0,27.2903
73,31,56,0,27.2903
73,31,57,0,27.2903
73,31,58,0,27.2903
73,31,59,0,27.2903
73,31,60,0,27.2903
73,31,61,0,27.2903
73,31,62,0,27.2903
73,31,63,0,27.2903
73,32,0,0,26.6875
73,32,1,0,26.6875
73,32,2,0,26.6875
73,32,3,0,26.6875
73,32,4,0,26.6875
73,32,5,0,26.6875
73,32,6,0,26.6875
73,32,7,0,26.6875
73,32,8,0,26.6875
73,32,9,0,26.6875
73,32,10,0,26.6875
73,32,11,0,26.6875
73,32,12,0,26.6875
73,32,13,0,26.6875
73,32,14,0,26.6875
73,32,15,0,26.6875
73,32,16,0,26.6875
73,32,17,0,26.6875
73,32,18,0,26.6875
73,32,19,0,26.6875
73,32,20,0,26.6875
73,32,21,0,26.6875
73,32,22,0,26.6875
73,32,23,0,26.6875
73,32,24,0,26.6875
73,32,25,0,26.6875
73,32,26,0,26.6875
73,32,27,0,26.6875
73,32,28,0,26.6875
73,32,29,0,26.6875
73,32,30,0,26.6875
73,32,31,0,26.6875
73,32,32,0,26.6875
73,32,33,0,26.6875
73,32,34,0,26.6875
73,32,35,0,26.6875
73,32,36,0,26.6875
73,32,37,0,26.6875
73,32,38,0,26.6875
73,32,39,854,26.6875
73,32,40,0,26.6875
73,32,41,0,26.6875
73,32,42,0,26.6875
73,32,43,0,26.6875
73,32,44,0,26.6875
73,32,45,0,26.6875
73,32,46,0,26.6875
73,32,47,0,26.6875
73,32,48,0,26.6875
73,32,49,0,26.6875
73,32,50,0,26.6875
73,32,51,0,26.6875
73,32,52,0,26.6875
73,32,53,0,26.6875
73,32,54,0,26.6875
73,32,55,0,26.6875
73,32,56,0,26.6875
73,32,57,0,26.6875
73,32,58,0,26.6875
73,32,59,0,26.6875
73,32,60,0,26.6875
73,32,61,0,26.6875
73,32,62,0,26.6875
73,32,63,0,26.6875
73,33,0,0,26.7273
73,33,1,0,26.7273
73,33,2,0,26.7273
73,33,3,0,26.7273
73,33,4,0,26.7273
73,33,5,0,26.7273
73,33,6,0,26.7273
73,33,7,0,26.7273
73,33,8,0,26.7273
73,33,9,0,26.7273
73,33,10,0,26.7273
73,33,11,0,26.7273
73,33,12,0,26.7273
73,33,13,0,26.7273
73,33,14,0,26.7273
73,33,15,0,26.7273
73,33,16,0,26.7273
73,33,17,0,26.7273
73,33,18,0,26.7273
73,33,19,0,26.7273
73,33,20,0,26.7273
73,33,21,0,26.7273
73,33,22,0,26.7273
73,33,23,0,26.7273
73,33,24,0,26.7273
73,33,25,0,26.7273
73,33,26,0,26.7273
73,33,27,0,26.7273
73,33,28,0,26.7273
73,33,29,0,26.7273
73,33,30,0,26.7273
73,33,31,0,26.7273
73,33,32,0,26.7273
73,33,33,0,26.7273
73,33,34,0,26.7273
73,33,35,0,26.7273
73,33,36,0,26.7273
73,33,37,0,26.7273
73,33,38,0,26.7273
73,33,39,882,26.7273
73,33,40,0,26.7273
73,33,41,0,26.7273
73,33,42,0,26.7273
73,33,43,0,26.7273
73,33,44,0,26.7273
73,33,45,0,26.7273
73,33,46,0,26.7273
73,33,47,0,26.7273
73,33,48,0,26.7273
73,33,49,0,26.7273
73,33,50,0,26.7273
73,33,51,0,26.7273
73,33,52,0,26.7273
73,33,53,0,26.7273
73,33,54,0,26.7273
73,33,55,0,26.7273
73,33,56,0,26.7273
73,33,57,0,26.7273
73,33,58,0,26.7273
73,33,59,0,26.7273
73,33,60,0,26.7273
73,33,61,0,26.7273
73,33,62,0,26.7273
73,33,63,0,26.7273
73,34,0,0,26.6176
73,34,1,0,26.6176
73,34,2,0,26.6176
73,34,3,0,26.6176
73,34,4,0,26.6176
73,34,5,0,26.6176
73,34,6,0,26.6176
73,34,7,0,26.6176
73,34,8,0,26.6176
73,34,9,0,26.6176
73,34,10,0,26.6176
73,34,11,0,26.6176
73,34,12,0,26.6176
73,34,13,0,26.6176
73,34,14,0,26.6176
73,34,15,0,26.6176
73,34,16,0,26.6176
73,34,17,0,26.6176
73,34,18,0,26.6176
73,34,19,0,26.6176
73,34,20,0,26.6176
73,34,21,0,26.6176
73,34,22,0,26.6176
73,34,23,0,26.6176
73,34,24,0,26.6176
73,34,25,0,26.6176
73,34,26,0,26.6176
73,34,27,0,26.6176
73,34,28,0,26.6176
73,34,29,0,26.6176
73,34,30,0,26.6176
73,34,31,0,26.6176
73,34,32,0,26.6176
73,34,33,0,26.6176
73,34,34,0,26.6176
73,34,35,0,26.6176
73,34,36,0,26.6176
73,34,37,0,26.6176
73,34,38,0,26.6176
73,34,39,905,26.6176
73,34,40,0,26.6176
73,34,41,0,26.6176
73,34,42,0,26.6176
73,34,43,0,26.6176
73,34,44,0,26.6176
73,34,45,0,26.6176
73,34,46,0,26.6176
73,34,47,0,26.6176
73,34,48,0,26.6176
73,34,49,0,26.6176
73,34,50,0,26.6176
73,34,51,0,26.6176
73,34,52,0,26.6176
73,34,53,0,26.6176
73,34,54,0,26.6176
73,34,55,0,26.6176
73,34,56,0,26.6176
73,34,57,0,26.6176
73,34,58,0,26.6176
73,34,59,0,26.6176
73,34,60,0,26.6176
73,34,61,0,26.6176
73,34,62,0,26.6176
73,34,63,0,26.6176
73,35,0,0,26.4857
73,35,1,0,26.4857
73,35,2,0,26.4857
73,35,3,0,26.4857
73,35,4,0,26.4857
73,35,5,0,26.4857
73,35,6,0,26.4857
73,35,7,0,26.4857
73,35,8,0,26.4857
73,35,9,0,26.4857
73,35,10,0,26.4857
73,35,11,0,26.4857
73,35,12,0,26.4857
73,35,13,0,26.4857
73,35,14,0,26.4857
73,35,15,0,26.4857
73,35,16,0,26.4857
73,35,17,0,26.4857
73,35,18,0,26.4857
73,35,19,0,26.4857
73,35,20,0,26.4857
73,35,21,0,26.4857
73,35,22,0,26.4857
73,35,23,0,26.4857
73,35,24,0,26.4857
73,35,25,0,26.4857
73,35,26,0,26.4857
73,35,27,0,26.4857
73,35,28,0,26.4857
73,35,29,0,26.4857
73,35,30,0,26.4857
73,35,31,0,26.4857
73,35,32,0,26.4857
73,35,33,0,26.4857
73,35,34,0,26.4857
73,35,35,0,26.4857
73,35,36,0,26.4857
73,35,37,0,26.4857
73,35,38,0,26.4857
73,35,39,927,26.4857
73,35,40,0,26.4857
73,35,41,0,26.4857
73,35,42,0,26.4857
73,35,43,0,26.4857
73,35,44,0,26.4857
73,35,45,0,26.4857
73,35,46,0,26.4857
73,35,47,0,26.4857
73,35,48,0,26.4857
73,35,49,0,26.4857
73,35,50,0,26.4857
73,35,51,0,26.4857
73,35,52,0,26.4857
73,35,53,0,26.4857
73,35,54,0,26.4857
73,35,55,0,26.4857
73,35,56,0,26.4857
73,35,57,0,26.4857
73,35,58,0,26.4857
73,35,59,0,26.4857
73,35,60,0,26.4857
73,35,61,0,26.4857
73,35,62,0,26.4857
73,35,63,0,26.4857
73,36,0,0,26.25
73,36,1,0,26.25
73,36,2,0,26.25
73,36,3,0,26.25
73,36,4,0,26.25
73,36,5,0,26.25
73,36,6,0,26.25
73,36,7,0,26.25
73,36,8,0,26.25
73,36,9,0,26.25
73,36,10,0,26.25
73,36,11,0,26.25
73,36,12,0,26.25
73,36,13,0,26.25
73,36,14,0,26.25
73,36,15,0,26.25
73,36,16,0,26.25
73,36,17,0,26.25
73,36,18,0,26.25
73,36,19,0,26.25
73,36,20,0,26.25
73,36,21,0,26.25
73,36,22,0,26.25
73,36,23,0,26.25
73,36,24,0,26.25
73,36,25,0,26.25
73,36,26,0,26.25
73,36,27,0,26.25
73,36,28,0,26.25
73,36,29,0,26.25
73,36,30,0,26.25
73,36,31,0,26.25
73,36,32,0,26.25
73,36,33,0,26.25
73,36,34,0,26.25
73,36,35,0,26.25
73,36,36,0,26.25
73,36,37,0,26.25
73,36,38,0,26.25
73,36,39,945,26.25
73,36,40,0,26.25
73,36,41,0,26.25
73,36,42,0,26.25
73,36,43,0,26.25
73,36,44,0,26.25
73,36,45,0,26.25
73,36,46,0,26.25
73,36,47,0,26.25
73,36,48,0,26.25
73,36,49,0,26.25
73,36,50,0,26.25
73,36,51,0,26.25
73,36,52,0,26.25
73,36,53,0,26.25
73,36,54,0,26.25
73,36,55,0,26.25
73,36,56,0,26.25
73,36,57,0,26.25
73,36,58,0,26.25
73,36,59,0,26.25
73,36,60,0,26.25
73,36,61,0,26.25
73,36,62,0,26.25
73,36,63,0,26.25
73,37,0,0,25.6486
73,37,1,0,25.6486
73,37,2,0,25.6486
73,37,3,0,25.6486
73,37,4,0,25.6486
73,37,5,0,25.6486
73,37,6,0,25.6486
73,37,7,0,25.6486
73,37,8,0,25.6486
73,37,9,0,25.6486
73,37,10,0,25.6486
73,37,11,0,25.6486
73,37,12,0,25.6486
73,37,13,0,25.6486
73,37,14,0,25.6486
73,37,15,0,25.6486
73,37,16,0,25.6486
73,37,17,0,25.6486
73,37,18,0,25.6486
73,37,19,0,25.6486
73,37,20,0,25.6486
73,37,21,0,25.6486
73,37,22,0,25.6486
73,37,23,0,25.6486
73,37,24,0,25.6486
73,37,25,0,25.6486
73,37,26,0,25.6486
73,37,27,0,25.6486
73,37,28,0,25.6486
73,37,29,0,25.6486
73,37,30,0,25.6486
73,37,31,0,25.6486
73,37,32,0,25.6486
73,37,33,0,25.6486
73,37,34,0,25.6486
73,37,35,0,25.6486
73,37,36,0,25.6486
73,37,37,0,25.6486
73,37,38,0,25.6486
73,37,39,949,25.6486
73,37,40,0,25.6486
73,37,41,0,25.6486
73,37,42,0,25.6486
73,37,43,0,25.6486
73,37,44,0,25.6486
73,37,45,0,25.6486
73,37,46,0,25.6486
73,37,47,0,25.6486
73,37,48,0,25.6486
73,37,49,0,25.6486
73,37,50,0,25.6486
73,37,51,0,25.6486
73,37,52,0,25.6486
73,37,53,0,25.6486
73,37,54,0,25.6486
73,37,55,0,25.6486
73,37,56,0,25.6486
73,37,57,0,25.6486
73,37,58,0,25.6486
73,37,59,0,25.6486
73,37,60,0,25.6486
73,37,61,0,25.6486
73,37,62,0,25.6486
73,37,63,0,25.6486
73,38,0,0,25.0526
73,38,1,0,25.0526
73,38,2,0,25.0526
73,38,3,0,25.0526
73,38,4,0,25.0526
73,38,5,0,25.0526
73,38,6,0,25.0526
73,38,7,0,25.0526
73,38,8,0,25.0526
73,38,9,0,25.0526
73,38,10,0,25.0526
73,38,11,0,25.0526
73,38,12,0,25.0526
73,38,13,0,25.0526
73,38,14,0,25.0526
73,38,15,0,25.0526
73,38,16,0,25.0526
73,38,17,0,25.0526
73,38,18,0,25.0526
73,38,19,0,25.0526
73,38,20,0,25.0526
73,38,21,0,25.0526
73,38,22,0,25.0526
73,38,23,0,25.0526
73,38,24,0,25.0526
73,38,25,0,25.0526
73,38,26,0,25.0526
73,38,27,0,25.0526
73,38,28,0,25.0526
73,38,29,0,25.0526
73,38,30,0,25.0526
73,38,31,0,25.0526
73,38,32,0,25.0526
73,38,33,0,25.0526
73,38,34,0,25.0526
73,38,35,0,25.0526
73,38,36,0,25.0526
73,38,37,0,25.0526
73,38,38,0,25.0526
73,38,39,952,25.0526
73,38,40,0,25.0526
73,38,41,0,25.0526
73,38,42,0,25.0526
73,38,43,0,25.0526
73,38,44,0,25.0526
73,38,45,0,25.0526
73,38,46,0,25.0526
73,38,47,0,25.0526
73,38,48,0,25.0526
73,38,49,0,25.0526
73,38,50,0,25.0526
73,38,51,0,25.0526
73,38,52,0,25.0526
73,38,53,0,25.0526
73,38,54,0,25.0526
73,38,55,0,25.0526
73,38,56,0,25.0526
73,38,57,0,25.0526
73,38,58,0,25.0526
73,38,59,0,25.0526
73,38,60,0,25.0526
73,38,61,0,25.0526
73,38,62,0,25.0526
73,38,63,0,25.0526
73,39,0,0,24.7179
73,39,1,0,24.7179
73,39,2,0,24.7179
73,39,3,0,24.7179
73,39,4,0,24.7179
73,39,5,0,24.7179
73,39,6,0,24.7179
73,39,7,0,24.7179
73,39,8,0,24.7179
73,39,9,0,24.7179
73,39,10,0,24.7179
73,39,11,0,24.7179
73,39,12,0,24.7179
73,39,13,0,24.7179
73,39,14,0,24.7179
73,39,15,0,24.7179
73,39,16,0,24.7179
73,39,17,0,24.7179
73,39,18,0,24.7179
73,39,19,0,24.7179
73,39,20,0,24.7179
73,39,21,0,24.7179
73,39,22,0,24.7179
73,39,23,0,24.7179
73,39,24,0,24.7179
73,39,25,0,24.7179
73,39,26,0,24.7179
73,39,27,0,24.7179
73,39,28,0,24.7179
73,39,29,0,24.7179
73,39,30,0,24.7179
73,39,31,0,24.7179
73,39,32,0,24.7179
73,39,33,0,24.7179
73,39,34,0,24.7179
73,39,35,0,24.7179
73,39,36,0,24.7179
73,39,37,0,24.7179
73,39,38,0,24.7179
73,39,39,964,24.7179
73,39,40,0,24.7179
73,39,41,0,24.7179
73,39,42,0,24.7179
73,39,43,0,24.7179
73,39,44,0,24.7179
73,39,45,0,24.7179
73,39,46,0,24.7179
73,39,47,0,24.7179
73,39,48,0,24.7179
73,39,49,0,24.7179
73,39,50,0,24.7179
73,39,51,0,24.7179
73,39,52,0,24.7179
73,39,53,0,24.7179
73,39,54,0,24.7179
73,39,55,0,24.7179
73,39,56,0,24.7179
73,39,57,0,24.7179
73,39,58,0,24.7179
73,39,59,0,24.7179
73,39,60,0,24.7179
73,39,61,0,24.7179
73,39,62,0,24.7179
73,39,63,0,24.7179
73,40,0,0,26.35
73,40,1,0,26.35
73,40,2,0,26.35
73,40,3,0,26.35
73,40,4,0,26.35
73,40,5,0,26.35
73,40,6,0,26.35
73,40,7,0,26.35
73,40,8,0,26.35
73,40,9,0,26.35
73,40,10,0,26.35
73,40,11,0,26.35
73,40,12,0,26.35
73,40,13,0,26.35
73,40,14,0,26.35
73,40,15,0,26.35
73,40,16,0,26.35
73,40,17,0,26.35
73,40,18,0,26.35
73,40,19,0,26.35
73,40,20,0,26.35
73,40,21,0,26.35
73,40,22,0,26.35
73,40,23,0,26.35
73,40,24,0,26.35
73,40,25,0,26.35
73,40,26,0,26.35
73,40,27,0,26.35
73,40,28,0,26.35
73,40,29,0,26.35
73,40,30,0,26.35
73,40,31,0,26.35
73,40,32,0,26.35
73,40,33,0,26.35
73,40,34,0,26.35
73,40,35,0,26.35
73,40,36,0,26.35
73,40,37,0,26.35
73,40,38,0,26.35
73,40,39,1054,26.35
73,40,40,0,26.35
73,40,41,0,26.35
73,40,42,0,26.35
73,40,43,0,26.35
73,40,44,0,26.35
73,40,45,0,26.35
73,40,46,0,26.35
73,40,47,0,26.35
73,40,48,0,26.35
73,40,49,0,26.35
73,40,50,0,26.35
73,40,51,0,26.35
73,40,52,0,26.35
73,40,53,0,26.35
73,40,54,0,26.35
73,40,55,0,26.35
73,40,56,0,26.35
73,40,57,0,26.35
73,40,58,0,26.35
73,40,59,0,26.35
73,40,60,0,26.35
73,40,61,0,26.35
73,40,62,0,26.35
73,40,63,0,26.35
73,41,0,0,26.6585
73,41,1,0,26.6585
73,41,2,0,26.6585
73,41,3,0,26.6585
73,41,4,0,26.6585
73,41,5,0,26.6585
73,41,6,0,26.6585
73,41,7,0,26.6585
73,41,8,0,26.6585
73,41,9,0,26.6585
73,41,10,0,26.6585
73,41,11,0,26.6585
73,41,12,0,26.6585
73,41,13,0,26.6585
73,41,14,0,26.6585
73,41,15,0,26.6585
73,41,16,0,26.6585
73,41,17,0,26.6585
73,41,18,0,26.6585
73,41,19,0,26.6585
73,41,20,0,26.6585
73,41,21,0,26.6585
73,41,22,0,26.6585
73,41,23,0,26.6585
73,41,24,0,26.6585
73,41,25,0,26.6585
73,41,26,0,26.6585
73,41,27,0,26.6585
73,41,28,0,26.6585
73,41,29,0,26.6585
73,41,30,0,26.6585
73,41,31,0,26.6585
73,41,32,0,26.6585
73,41,33,0,26.6585
73,41,34,0,26.6585
73,41,35,0,26.6585
73,41,36,0,26.6585
73,41,37,0,26.6585
73,41,38,0,26.6585
73,41,39,1093,26.6585
73,41,40,0,26.6585
73,41,41,0,26.6585
73,41,42,0,26.6585
73,41,43,0,26.6585
73,41,44,0,26.6585
73,41,45,0,26.6585
73,41,46,0,26.6585
73,41,47,0,26.6585
73,41,48,0,26.6585
73,41,49,0,26.6585
73,41,50,0,26.6585
73,41,51,0,26.6585
73,41,52,0,26.6585
73,41,53,0,26.6585
73,41,54,0,26.6585
73,41,55,0,26.6585
73,41,56,0,26.6585
73,41,57,0,26.6585
73,41,58,0,26.6585
73,41,59,0,26.6585
73,41,60,0,26.6585
73,41,61,0,26.6585
73,41,62,0,26.6585
73,41,63,0,26.6585
73,42,0,0,27.2857
73,42,1,0,27.2857
73,42,2,0,27.2857
73,42,3,0,27.2857
73,42,4,0,27.2857
73,42,5,0,27.2857
73,42,6,0,27.2857
73,42,7,0,27.2857
73,42,8,0,27.2857
73,42,9,0,27.2857
73,42,10,0,27.2857
73,42,11,0,27.2857
73,42,12,0,27.2857
73,42,13,0,27.2857
73,42,14,0,27.2857
73,42,15,0,27.2857
73,42,16,0,27.2857
73,42,17,0,27.2857
73,42,18,0,27.2857
73,42,19,0,27.2857
73,42,20,0,27.2857
73,42,21,0,27.2857
73,42,22,0,27.2857
73,42,23,0,27.2857
73,42,24,0,27.2857
73,42,25,0,27.2857
73,42,26,0,27.2857
73,42,27,0,27.2857
73,42,28,0,27.2857
73,42,29,0,27.2857
73,42,30,0,27.2857
73,42,31,0,27.2857
73,42,32,0,27.2857
73,42,33,0,27.2857
73,42,34,0,27.2857
73,42,35,0,27.2857
73,42,36,0,27.2857
73,42,37,0,27.2857
73,42,38,0,27.2857
73,42,39,1146,27.2857
73,42,40,0,27.2857
73,42,41,0,27.2857
73,42,42,0,27.2857
73,42,43,0,27.2857
73,42,44,0,27.2857
73,42,45,0,27.2857
73,42,46,0,27.2857
73,42,47,0,27.2857
73,42,48,0,27.2857
73,42,49,0,27.2857
73,42,50,0,27.2857
73,42,51,0,27.2857
73,42,52,0,27.2857
73,42,53,0,27.2857
73,42,54,0,27.2857
73,42,55,0,27.2857
73,42,56,0,27.2857
73,42,57,0,27.2857
73,42,58,0,27.2857
73,42,59,0,27.2857
73,42,60,0,27.2857
73,42,61,0,27.2857
73,42,62,0,27.2857
73,42,63,0,27.2857
73,43,0,0,27.6279
73,43,1,0,27.6279
73,43,2,0,27.6279
73,43,3,0,27.6279
73,43,4,0,27.6279
73,43,5,0,27.6279
73,43,6,0,27.6279
73,43,7,0,27.6279
73,43,8,0,27.6279
73,43,9,0,27.6279
73,43,10,0,27.6279
73,43,11,0,27.6279
73,43,12,0,27.6279
73,43,13,0,27.6279
73,43,14,0,27.6279
73,43,15,0,27.6279
73,43,16,0,27.6279
73,43,17,0,27.6279
73,43,18,0,27.6279
73,43,19,0,27.6279
73,43,20,0,27.6279
73,43,21,0,27.6279
73,43,22,0,27.6279
73,43,23,0,27.6279
73,43,24,0,27.6279
73,43,25,0,27.6279
73,43,26,0,27.6279
73,43,27,0,27.6279
73,43,28,0,27.6279
73,43,29,0,27.6279
73,43,30,0,27.6279
73,43,31,0,27.6279
73,43,32,0,27.6279
73,43,33,0,27.6279
73,43,34,0,27.6279
73,43,35,0,27.6279
73,43,36,0,27.6279
73,43,37,0,27.6279
73,43,38,0,27.6279
73,43,39,1188,27.6279
73,43,40,0,27.6279
73,43,41,0,27.6279
73,43,42,0,27.6279
73,43,43,0,27.6279
73,43,44,0,27.6279
73,43,45,0,27.6279
73,43,46,0,27.6279
73,43,47,0,27.6279
73,43,48,0,27.6279
73,43,49,0,27.6279
73,43,50,0,27.6279
73,43,51,0,27.6279
73,43,52,0,27.6279
73,43,53,0,27.6279
73,43,54,0,27.6279
73,43,55,0,27.6279
73,43,56,0,27.6279
73,43,57,0,27.6279
73,43,58,0,27.6279
73,43,59,0,27.6279
73,43,60,0,27.6279
73,43,61,0,27.6279
73,43,62,0,27.6279
73,43,63,0,27.6279
73,44,0,0,27.4545
73,44,1,0,27.4545
73,44,2,0,27.4545
73,44,3,0,27.4545
73,44,4,0,27.4545
73,44,5,0,27.4545
73,44,6,0,27.4545
73,44,7,0,27.4545
73,44,8,0,27.4545
73,44,9,0,27.4545
73,44,10,0,27.4545
73,44,11,0,27.4545
73,44,12,0,27.4545
73,44,13,0,27.4545
73,44,14,0,27.4545
73,44,15,0,27.4545
73,44,16,0,27.4545
73,44,17,0,27.4545
73,44,18,0,27.4545
73,44,19,0,27.4545
73,44,20,0,27.4545
73,44,21,0,27.4545
73,44,22,0,27.4545
73,44,23,0,27.4545
73,44,24,0,27.4545
73,44,25,0,27.4545
73,44,26,0,27.4545
73,44,27,0,27.4545
73,44,28,0,27.4545
73,44,29,0,27.4545
73,44,30,0,27.4545
73,44,31,0,27.4545
73,44,32,0,27.4545
73,44,33,0,27.4545
73,44,34,0,27.4545
73,44,35,0,27.4545
73,44,36,0,27.4545
73,44,37,0,27.4545
73,44,38,0,27.4545
73,44,39,1208,27.4545
73,44,40,0,27.4545
73,44,41,0,27.4545
73,44,42,0,27.4545
73,44,43,0,27.4545
73,44,44,0,27.4545
73,44,45,0,27.4545
73,44,46,0,27.4545
73,44,47,0,27.4545
73,44,48,0,27.4545
73,44,49,0,27.4545
73,44,50,0,27.4545
73,44,51,0,27.4545
73,44,52,0,27.4545
73,44,53,0,27.4545
73,44,54,0,27.4545
73,44,55,0,27.4545
73,44,56,0,27.4545
73,44,57,0,27.4545
73,44,58,0,27.4545
73,44,59,0,27.4545
73,44,60,0,27.4545
73,44,61,0,27.4545
73,44,62,0,27.4545
73,44,63,0,27.4545
73,45,0,0,27.6667
73,45,1,0,27.6667
73,45,2,0,27.6667
73,45,3,0,27.6667
73,45,4,0,27.6667
73,45,5,0,27.6667
73,45,6,0,27.6667
73,45,7,0,27.6667
73,45,8,0,27.6667
73,45,9,0,27.6667
73,45,10,0,27.6667
73,45,11,0,27.6667
73,45,12,0,27.6667
73,45,13,0,27.6667
73,45,14,0,27.6667
73,45,15,0,27.6667
73,45,16,0,27.6667
73,45,17,0,27.6667
73,45,18,0,27.6667
73,45,19,0,27.6667
73,45,20,0,27.6667
73,45,21,0,27.6667
73,45,22,0,27.6667
73,45,23,0,27.6667
73,45,24,0,27.6667
73,45,25,0,27.6667
73,45,26,0,27.6667
73,45,27,0,27.6667
73,45,28,0,27.6667
73,45,29,0,27.6667
73,45,30,0,27.6667
73,45,31,0,27.6667
73,45,32,0,27.6667
73,45,33,0,27.6667
73,45,34,0,27.6667
73,45,35,0,27.6667
73,45,36,0,27.6667
73,45,37,0,27.6667
73,45,38,0,27.6667
73,45,39,1245,27.6667
73,45,40,0,27.6667
73,45,41,0,27.6667
73,45,42,0,27.6667
73,45,43,0,27.6667
73,45,44,0,27.6667
73,45,45,0,27.6667
73,45,46,0,27.6667
73,45,47,0,27.6667
73,45,48,0,27.6667
73,45,49,0,27.6667
73,45,50,0,27.6667
73,45,51,0,27.6667
73,45,52,0,27.6667
73,45,53,0,27.6667
73,45,54,0,27.6667
73,45,55,0,27.6667
73,45,56,0,27.6667
73,45,57,0,27.6667
73,45,58,0,27.6667
73,45,59,0,27.6667
73,45,60,0,27.6667
73,45,61,0,27.6667
73,45,62,0,27.6667
73,45,63,0,27.6667
73,46,0,0,27.3261
73,46,1,0,27.3261
73,46,2,0,27.3261
73,46,3,0,27.3261
73,46,4,0,27.3261
73,46,5,0,27.3261
73,46,6,0,27.3261
73,46,7,0,27.3261
73,46,8,0,27.3261
73,46,9,0,27.3261
73,46,10,0,27.3261
73,46,11,0,27.3261
73,46,12,0,27.3261
73,46,13,0,27.3261
73,46,14,0,27.3261
73,46,15,0,27.3261
73,46,16,0,27.3261
73,46,17,0,27.3261
73,46,18,0,27.3261
73,46,19,0,27.3261
73,46,20,0,27.3261
73,46,21,0,27.3261
73,46,22,0,27.3261
73,46,23,0,27.3261
73,46,24,0,27.3261
73,46,25,0,27.3261
73,46,26,0,27.3261
73,46,27,0,27.3261
73,46,28,0,27.3261
73,46,29,0,27.3261
73,46,30,0,27.3261
73,46,31,0,27.3261
73,46,32,0,27.3261
73,46,33,0,27.3261
73,46,34,0,27.3261
73,46,35,0,27.3261
73,46,36,0,27.3261
73,46,37,0,27.3261
73,46,38,0,27.3261
73,46,39,1257,27.3261
73,46,40,0,27.3261
73,46,41,0,27.3261
73,46,42,0,27.3261
73,46,43,0,27.3261
73,46,44,0,27.3261
73,46,45,0,27.3261
73,46,46,0,27.3261
73,46,47,0,27.3261
73,46,48,0,27.3261
73,46,49,0,27.3261
73,46,50,0,27.3261
73,46,51,0,27.3261
73,46,52,0,27.3261
73,46,53,0,27.3261
73,46,54,0,27.3261
73,46,55,0,27.3261
73,46,56,0,27.3261
73,46,57,0,27.3261
73,46,58,0,27.3261
73,46,59,0,27.3261
73,46,60,0,27.3261
73,46,61,0,27.3261
73,46,62,0,27.3261
73,46,63,0,27.3261
73,47,0,0,27.9574
73,47,1,0,27.9574
73,47,2,0,27.9574
73,47,3,0,27.9574
73,47,4,0,27.9574
73,47,5,0,27.9574
73,47,6,0,27.9574
73,47,7,0,27.9574
73,47,8,0,27.9574
73,47,9,0,27.9574
73,47,10,0,27.9574
73,47,11,0,27.9574
73,47,12,0,27.9574
73,47,13,0,27.9574
73,47,14,0,27.9574
73,47,15,0,27.9574
73,47,16,0,27.9574
73,47,17,0,27.9574
73,47,18,0,27.9574
73,47,19,0,27.9574
73,47,20,0,27.9574
73,47,21,0,27.9574
73,47,22,0,27.9574
73,47,23,0,27.9574
73,47,24,0,27.9574
73,47,25,0,27.9574
73,47,26,0,27.9574
73,47,27,0,27.9574
73,47,28,0,27.9574
73,47,29,0,27.9574
73,47,30,0,27.9574
73,47,31,0,27.9574
73,47,32,0,27.9574
73,47,33,0,27.9574
73,47,34,0,27.9574
73,47,35,0,27.9574
73,47,36,0,27.9574
73,47,37,0,27.9574
73,47,38,0,27.9574
73,47,39,1314,27.9574
73,47,40,0,27.9574
73,47,41,0,27.9574
73,47,42,0,27.9574
73,47,43,0,27.9574
73,47,44,0,27.9574
73,47,45,0,27.9574
73,47,46,0,27.9574
73,47,47,0,27.9574
73,47,48,0,27.9574
73,47,49,0,27.9574
73,47,50,0,27.9574
73,47,51,0,27.9574
73,47,52,0,27.9574
73,47,53,0,27.9574
73,47,54,0,27.9574
73,47,55,0,27.9574
73,47,56,0,27.9574
73,47,57,0,27.9574
73,47,58,0,27.9574
73,47,59,0,27.9574
73,47,60,0,27.9574
73,47,61,0,27.9574
73,47,62,0,27.9574
73,47,63,0,27.9574
73,48,0,0,28.0417
73,48,1,0,28.0417
73,48,2,0,28.0417
73,48,3,0,28.0417
73,48,4,0,28.0417
73,48,5,0,28.0417
73,48,6,0,28.0417
73,48,7,0,28.0417
73,48,8,0,28.0417
73,48,9,0,28.0417
73,48,10,0,28.0417
73,48,11,0,28.0417
73,48,12,0,28.0417
73,48,13,0,28.0417
73,48,14,0,28.0417
73,48,15,0,28.0417
73,48,16,0,28.0417
73,48,17,0,28.0417
73,48,18,0,28.0417
73,48,19,0,28.0417
73,48,20,0,28.0417
73,48,21,0,28.0417
73,48,22,0,28.0417
73,48,23,0,28.0417
73,48,24,0,28.0417
73,48,25,0,28.0417
73,48,26,0,28.0417
73,48,27,0,28.0417
73,48,28,0,28.0417
73,48,29,0,28.0417
73,48,30,0,28.0417
73,48,31,0,28.0417
73,48,32,0,28.0417
73,48,33,0,28.0417
73,48,34,0,28.0417
73,48,35,0,28.0417
73,48,36,0,28.0417
73,48,37,0,28.0417
73,48,38,0,28.0417
73,48,39,1346,28.0417
73,48,40,0,28.0417
73,48,41,0,28.0417
73,48,42,0,28.0417
73,48,43,0,28.0417
73,48,44,0,28.0417
73,48,45,0,28.0417
73,48,46,0,28.0417
73,48,47,0,28.0417
73,48,48,0,28.0417
73,48,49,0,28.0417
73,48,50,0,28.0417
73,48,51,0,28.0417
73,48,52,0,28.0417
73,48,53,0,28.0417
73,48,54,0,28.0417
73,48,55,0,28.0417
73,48,56,0,28.0417
73,48,57,0,28.0417
73,48,58,0,28.0417
73,48,59,0,28.0417
73,48,60,0,28.0417
73,48,61,0,28.0417
73,48,62,0,28.0417
73,48,63,0,28.0417
73,49,0,0,27.9184
73,49,1,0,27.9184
73,49,2,0,27.9184
73,49,3,0,27.9184
73,49,4,0,27.9184
73,49,5,0,27.9184
73,49,6,0,27.9184
73,49,7,0,27.9184
73,49,8,0,27.9184
73,49,9,0,27.9184
73,49,10,0,27.9184
73,49,11,0,27.9184
73,49,12,0,27.9184
73,49,13,0,27.9184
73,49,14,0,27.9184
73,49,15,0,27.9184
73,49,16,0,27.9184
73,49,17,0,27.9184
73,49,18,0,27.9184
73,49,19,0,27.9184
73,49,20,0,27.9184
73,49,21,0,27.9184
73,49,22,0,27.9184
73,49,23,0,27.9184
73,49,24,0,27.9184
73,49,25,0,27.9184
73,49,26,0,27.9184
73,49,27,0,27.9184
73,49,28,0,27.9184
73,49,29,0,27.9184
73,49,30,0,27.9184
73,49,31,0,27.9184
73,49,32,0,27.9184
73,49,33,0,27.9184
73,49,34,0,27.9184
73,49,35,0,27.9184
73,49,36,0,27.9184
73,49,37,0,27.9184
73,49,38,0,27.9184
73,49,39,1368,27.9184
73,49,40,0,27.9184
73,49,41,0,27.9184
73,49,42,0,27.9184
73,49,43,0,27.9184
73,49,44,0,27.9184
73,49,45,0,27.9184
73,49,46,0,27.9184
73,49,47,0,27.9184
73,49,48,0,27.9184
73,49,49,0,27.9184
73,49,50,0,27.9184
73,49,51,0,27.9184
73,49,52,0,27.9184
73,49,53,0,27.9184
73,49,54,0,27.9184
73,49,55,0,27.9184
73,49,56,0,27.9184
73,49,57,0,27.9184
73,49,58,0,27.9184
73,49,59,0,27.9184
73,49,60,0,27.9184
73,49,61,0,27.9184
73,49,62,0,27.9184
73,49,63,0,27.9184
73,50,0,0,27.74
73,50,1,0,27.74
73,50,2,0,27.74
73,50,3,0,27.74
73,50,4,0,27.74
73,50,5,0,27.74
73,50,6,0,27.74
73,50,7,0,27.74
73,50,8,0,27.74
73,50,9,0,27.74
73,50,10,0,27.74
73,50,11,0,27.74
73,50,12,0,27.74
73,50,13,0,27.74
73,50,14,0,27.74
73,50,15,0,27.74
73,50,16,0,27.74
73,50,17,0,27.74
73,50,18,0,27.74
73,50,19,0,27.74
73,50,20,0,27.74
73,50,21,0,27.74
73,50,22,0,27.74
73,50,23,0,27.74
73,50,24,0,27.74
73,50,25,0,27.74
73,50,26,0,27.74
73,50,27,0,27.74
73,50,28,0,27.74
73,50,29,0,27.74
73,50,30,0,27.74
73,50,31,0,27.74
73,50,32,0,27.74
73,50,33,0,27.74
73,50,34,0,27.74
73,50,35,0,27.74
73,50,36,0,27.74
73,50,37,0,27.74
73,50,38,0,27.74
73,50,39,1387,27.74
73,50,40,0,27.74
73,50,41,0,27.74
73,50,42,0,27.74
73,50,43,0,27.74
73,50,44,0,27.74
73,50,45,0,27.74
73,50,46,0,27.74
73,50,47,0,27.74
73,50,48,0,27.74
73,50,49,0,27.74
73,50,50,0,27.74
73,50,51,0,27.74
73,50,52,0,27.74
73,50,53,0,27.74
73,50,54,0,27.74
73,50,55,0,27.74
73,50,56,0,27.74
73,50,57,0,27.74
73,50,58,0,27.74
73,50,59,0,27.74
73,50,60,0,27.74
73,50,61,0,27.74
73,50,62,0,27.74
73,50,63,0,27.74
73,51,0,0,27.7451
73,51,1,0,27.7451
73,51,2,0,27.7451
73,51,3,0,27.7451
73,51,4,0,27.7451
73,51,5,0,27.7451
73,51,6,0,27.7451
73,51,7,0,27.7451
73,51,8,0,27.7451
73,51,9,0,27.7451
73,51,10,0,27.7451
73,51,11,0,27.7451
73,51,12,0,27.7451
73,51,13,0,27.7451
73,51,14,0,27.7451
73,51,15,0,27.7451
73,51,16,0,27.7451
73,51,17,0,27.7451
73,51,18,0,27.7451
73,51,19,0,27.7451
73,51,20,0,27.7451
73,51,21,0,27.7451
73,51,22,0,27.7451
73,51,23,0,27.7451
73,51,24,0,27.7451
73,51,25,0,27.7451
73,51,26,0,27.7451
73,51,27,0,27.7451
73,51,28,0,27.7451
73,51,29,0,27.7451
73,51,30,0,27.7451
73,51,31,0,27.7451
73,51,32,0,27.7451
73,51,33,0,27.7451
73,51,34,0,27.7451
73,51,35,0,27.7451
73,51,36,0,27.7451
73,51,37,0,27.7451
73,51,38,0,27.7451
73,51,39,1415,27.7451
73,51,40,0,27.7451
73,51,41,0,27.7451
73,51,42,0,27.7451
73,51,43,0,27.7451
73,51,44,0,27.7451
73,51,45,0,27.7451
73,51,46,0,27.7451
73,51,47,0,27.7451
73,51,48,0,27.7451
73,51,49,0,27.7451
73,51,50,0,27.7451
73,51,51,0,27.7451
73,51,52,0,27.7451
73,51,53,0,27.7451
73,51,54,0,27.7451
73,51,55,0,27.7451
73,51,56,0,27.7451
73,51,57,0,27.7451
73,51,58,0,27.7451
73,51,59,0,27.7451
73,51,60,0,27.7451
73,51,61,0,27.7451
73,51,62,0,27.7451
73,51,63,0,27.7451
73,52,0,0,27.8462
73,52,1,0,27.8462
73,52,2,0,27.8462
73,52,3,0,27.8462
73,52,4,0,27.8462
73,52,5,0,27.8462
73,52,6,0,27.8462
73,52,7,0,27.8462
73,52,8,0,27.8462
73,52,9,0,27.8462
73,52,10,0,27.8462
73,52,11,0,27.8462
73,52,12,0,27.8462
73,52,13,0,27.8462
73,52,14,0,27.8462
73,52,15,0,27.8462
73,52,16,0,27.8462
73,52,17,0,27.8462
73,52,18,0,27.8462
73,52,19,0,27.8462
73,52,20,0,27.8462
73,52,21,0,27.8462
73,52,22,0,27.8462
73,52,23,0,27.8462
73,52,24,0,27.8462
73,52,25,0,27.8462
73,52,26,0,27.8462
73,52,27,0,27.8462
73,52,28,0,27.8462
73,52,29,0,27.8462
73,52,30,0,27.8462
73,52,31,0,27.8462
73,52,32,0,27.8462
73,52,33,0,27.8462
73,52,34,0,27.8462
73,52,35,0,27.8462
73,52,36,0,27.8462
73,52,37,0,27.8462
73,52,38,0,27.8462
73,52,39,1448,27.8462
73,52,40,0,27.8462
73,52,41,0,27.8462
73,52,42,0,27.8462
73,52,43,0,27.8462
73,52,44,0,27.8462
73,52,45,0,27.8462
73,52,46,0,27.8462
73,52,47,0,27.8462
73,52,48,0,27.8462
73,52,49,0,27.8462
73,52,50,0,27.8462
73,52,51,0,27.8462
73,52,52,0,27.8462
73,52,53,0,27.8462
73,52,54,0,27.8462
73,52,55,0,27.8462
73,52,56,0,27.8462
73,52,57,0,27.8462
73,52,58,0,27.8462
73,52,59,0,27.8462
73,52,60,0,27.8462
73,52,61,0,27.8462
73,52,62,0,27.8462
73,52,63,0,27.8462
73,53,0,0,27.9811
73,53,1,0,27.9811
73,53,2,0,27.9811
73,53,3,0,27.9811
73,53,4,0,27.9811
73,53,5,0,27.9811
73,53,6,0,27.9811
73,53,7,0,27.9811
73,53,8,0,27.9811
73,53,9,0,27.9811
73,53,10,0,27.9811
73,53,11,0,27.9811
73,53,12,0,27.9811
73,53,13,0,27.9811
73,53,14,0,27.9811
73,53,15,0,27.9811
73,53,16,0,27.9811
73,53,17,0,27.9811
73,53,18,0,27.9811
73,53,19,0,27.9811
73,53,20,0,27.9811
73,53,21,0,27.9811
73,53,22,0,27.9811
73,53,23,0,27.9811
73,53,24,0,27.9811
73,53,25,0,27.9811
73,53,26,0,27.9811
73,53,27,0,27.9811
73,53,28,0,27.9811
73,53,29,0,27.9811
73,53,30,0,27.9811
73,53,31,0,27.9811
73,53,32,0,27.9811
73,53,33,0,27.9811
73,53,34,0,27.9811
73,53,35,0,27.9811
73,53,36,0,27.9811
73,53,37,0,27.9811
73,53,38,0,27.9811
73,53,39,1483,27.9811
73,53,40,0,27.9811
73,53,41,0,27.9811
73,53,42,0,27.9811
73,53,43,0,27.9811
73,53,44,0,27.9811
73,53,45,0,27.9811
73,53,46,0,27.9811
73,53,47,0,27.9811
73,53,48,0,27.9811
73,53,49,0,27.9811
73,53,50,0,27.9811
73,53,51,0,27.9811
73,53,52,0,27.9811
73,53,53,0,27.9811
73,53,54,0,27.9811
73,53,55,0,27.9811
73,53,56,0,27.9811
73,53,57,0,27.9811
73,53,58,0,27.9811
73,53,59,0,27.9811
73,53,60,0,27.9811
73,53,61,0,27.9811
73,53,62,0,27.9811
73,53,63,0,27.9811
73,54,0,0,28.2037
73,54,1,0,28.2037
73,54,2,0,28.2037
73,54,3,0,28.2037
73,54,4,0,28.2037
73,54,5,0,28.2037
73,54,6,0,28.2037
73,54,7,0,28.2037
73,54,8,0,28.2037
73,54,9,0,28.2037
73,54,10,0,28.2037
73,54,11,0,28.2037
73,54,12,0,28.2037
73,54,13,0,28.2037
73,54,14,0,28.2037
73,54,15,0,28.2037
73,54,16,0,28.2037
73,54,17,0,28.2037
73,54,18,0,28.2037
73,54,19,0,28.2037
73,54,20,0,28.2037
73,54,21,0,28.2037
73,54,22,0,28.2037
73,54,23,0,28.2037
73,54,24,0,28.2037
73,54,25,0,28.2037
73,54,26,0,28.2037
73,54,27,0,28.2037
73,54,28,0,28.2037
73,54,29,0,28.2037
73,54,30,0,28.2037
73,54,31,0,28.2037
73,54,32,0,28.2037
73,54,33,0,28.2037
73,54,34,0,28.2037
73,54,35,0,28.2037
73,54,36,0,28.2037
73,54,37,0,28.2037
73,54,38,0,28.2037
73,54,39,1523,28.2037
73,54,40,0,28.2037
73,54,41,0,28.2037
73,54,42,0,28.2037
73,54,43,0,28.2037
73,54,44,0,28.2037
73,54,45,0,28.2037
73,54,46,0,28.2037
73,54,47,0,28.2037
73,54,48,0,28.2037
73,54,49,0,28.2037
73,54,50,0,28.2037
73,54,51,0,28.2037
73,54,52,0,28.2037
73,54,53,0,28.2037
73,54,54,0,28.2037
73,54,55,0,28.2037
73,54,56,0,28.2037
73,54,57,0,28.2037
73,54,58,0,28.2037
73,54,59,0,28.2037
73,54,60,0,28.2037
73,54,61,0,28.2037
73,54,62,0,28.2037
73,54,63,0,28.2037
73,55,0,0,27.8727
73,55,1,0,27.8727
73,55,2,0,27.8727
73,55,3,0,27.8727
73,55,4,0,27.8727
73,55,5,0,27.8727
73,55,6,0,27.8727
73,55,7,0,27.8727
73,55,8,0,27.8727
73,55,9,0,27.8727
73,55,10,0,27.8727
73,55,11,0,27.8727
73,55,12,0,27.8727
73,55,13,0,27.8727
73,55,14,0,27.8727
73,55,15,0,27.8727
73,55,16,0,27.8727
73,55,17,0,27.8727
73,55,18,0,27.8727
73,55,19,0,27.8727
73,55,20,0,27.8727
73,55,21,0,27.8727
73,55,22,0,27.8727
73,55,23,0,27.8727
73,55,24,0,27.8727
73,55,25,0,27.8727
73,55,26,0,27.8727
73,55,27,0,27.8727
73,55,28,0,27.8727
73,55,29,0,27.8727
73,55,30,0,27.8727
73,55,31,0,27.8727
73,55,32,0,27.8727
73,55,33,0,27.8727
73,55,34,0,27.8727
73,55,35,0,27.8727
73,55,36,0,27.8727
73,55,37,0,27.8727
73,55,38,0,27.8727
73,55,39,1533,27.8727
73,55,40,0,27.8727
73,55,41,0,27.8727
73,55,42,0,27.8727
73,55,43,0,27.8727
73,55,44,0,27.8727
73,55,45,0,27.8727
73,55,46,0,27.8727
73,55,47,0,27.8727
73,55,48,0,27.8727
73,55,49,0,27.8727
73,55,50,0,27.8727
73,55,51,0,27.8727
73,55,52,0,27.8727
73,55,53,0,27.8727
73,55,54,0,27.8727
73,55,55,0,27.8727
73,55,56,0,27.8727
73,55,57,0,27.8727
73,55,58,0,27.8727
73,55,59,0,27.8727
73,55,60,0,27.8727
73,55,61,0,27.8727
73,55,62,0,27.8727
73,55,63,0,27.8727
73,56,0,0,27.9107
73,56,1,0,27.9107
73,56,2,0,27.9107
73,56,3,0,27.9107
73,56,4,0,27.9107
73,56,5,0,27.9107
73,56,6,0,27.9107
73,56,7,0,27.9107
73,56,8,0,27.9107
73,56,9,0,27.9107
73,56,10,0,27.9107
73,56,11,0,27.9107
73,56,12,0,27.9107
73,56,13,0,27.9107
73,56,14,0,27.9107
73,56,15,0,27.9107
73,56,16,0,27.9107
73,56,17,0,27.9107
73,56,18,0,27.9107
73,56,19,0,27.9107
73,56,20,0,27.9107
73,56,21,0,27.9107
73,56,22,0,27.9107
73,56,23,0,27.9107
73,56,24,0,27.9107
73,56,25,0,27.9107
73,56,26,0,27.9107
73,56,27,0,27.9107
73,56,28,0,27.9107
73,56,29,0,27.9107
73,56,30,0,27.9107
73,56,31,0,27.9107
73,56,32,0,27.9107
73,56,33,0,27.9107
73,56,34,0,27.9107
73,56,35,0,27.9107
73,56,36,0,27.9107
73,56,37,0,27.9107
73,56,38,0,27.9107
73,56,39,1563,27.9107
73,56,40,0,27.9107
73,56,41,0,27.9107
73,56,42,0,27.9107
73,56,43,0,27.9107
73,56,44,0,27.9107
73,56,45,0,27.9107
73,56,46,0,27.9107
73,56,47,0,27.9107
73,56,48,0,27.9107
73,56,49,0,27.9107
73,56,50,0,27.9107
73,56,51,0,27.9107
73,56,52,0,27.9107
73,56,53,0,27.9107
73,56,54,0,27.9107
73,56,55,0,27.9107
73,56,56,0,27.9107
73,56,57,0,27.9107
73,56,58,0,27.9107
73,56,59,0,27.9107
73,56,60,0,27.9107
73,56,61,0,27.9107
73,56,62,0,27.9107
73,56,63,0,27.9107
73,57,0,0,27.7018
73,57,1,0,27.7018
73,57,2,0,27.7018
73,57,3,0,27.7018
73,57,4,0,27.7018
73,57,5,0,27.7018
73,57,6,0,27.7018
73,57,7,0,27.7018
73,57,8,0,27.7018
73,57,9,0,27.7018
73,57,10,0,27.7018
73,57,11,0,27.7018
73,57,12,0,27.7018
73,57,13,0,27.7018
73,57,14,0,27.7018
73,57,15,0,27.7018
73,57,16,0,27.7018
73,57,17,0,27.7018
73,57,18,0,27.7018
73,57,19,0,27.7018
73,57,20,0,27.7018
73,57,21,0,27.7018
73,57,22,0,27.7018
73,57,23,0,27.7018
73,57,24,0,27.7018
73,57,25,0,27.7018
73,57,26,0,27.7018
73,57,27,0,27.7018
73,57,28,0,27.7018
73,57,29,0,27.7018
73,57,30,0,27.7018
73,57,31,0,27.7018
73,57,32,0,27.7018
73,57,33,0,27.7018
73,57,34,0,27.7018
73,57,35,0,27.7018
73,57,36,0,27.7018
73,57,37,0,27.7018
73,57,38,0,27.7018
73,57,39,1579,27.7018
73,57,40,0,27.7018
73,57,41,0,27.7018
73,57,42,0,27.7018
73,57,43,0,27.7018
73,57,44,0,27.7018
73,57,45,0,27.7018
73,57,46,0,27.7018
73,57,47,0,27.7018
73,57,48,0,27.7018
73,57,49,0,27.7018
73,57,50,0,27.7018
73,57,51,0,27.7018
73,57,52,0,27.7018
73,57,53,0,27.7018
73,57,54,0,27.7018
73,57,55,0,27.7018
73,57,56,0,27.7018
73,57,57,0,27.7018
73,57,58,0,27.7018
73,57,59,0,27.7018
73,57,60,0,27.7018
73,57,61,0,27.7018
73,57,62,0,27.7018
73,57,63,0,27.7018
73,58,0,0,27.5345
73,58,1,0,27.5345
73,58,2,0,27.5345
73,58,3,0,27.5345
73,58,4,0,27.5345
73,58,5,0,27.5345
73,58,6,0,27.5345
73,58,7,0,27.5345
73,58,8,0,27.5345
73,58,9,0,27.5345
73,58,10,0,27.5345
73,58,11,0,27.5345
73,58,12,0,27.5345
73,58,13,0,27.5345
73,58,14,0,27.5345
73,58,15,0,27.5345
73,58,16,0,27.5345
73,58,17,0,27.5345
73,58,18,0,27.5345
73,58,19,0,27.5345
73,58,20,0,27.5345
73,58,21,0,27.5345
73,58,22,0,27.5345
73,58,23,0,27.5345
73,58,24,0,27.5345
73,58,25,0,27.5345
73,58,26,0,27.5345
73,58,27,0,27.5345
73,58,28,0,27.5345
73,58,29,0,27.5345
73,58,30,0,27.5345
73,58,31,0,27.5345
73,58,32,0,27.5345
73,58,33,0,27.5345
73,58,34,0,27.5345
73,58,35,0,27.5345
73,58,36,0,27.5345
73,58,37,0,27.5345
73,58,38,0,27.5345
73,58,39,1597,27.5345
73,58,40,0,27.5345
73,58,41,0,27.5345
73,58,42,0,27.5345
73,58,43,0,27.5345
73,58,44,0,27.5345
73,58,45,0,27.5345
73,58,46,0,27.5345
73,58,47,0,27.5345
73,58,48,0,27.5345
73,58,49,0,27.5345
73,58,50,0,27.5345
73,58,51,0,27.5345
73,58,52,0,27.5345
73,58,53,0,27.5345
73,58,54,0,27.5345
73,58,55,0,27.5345
73,58,56,0,27.5345
73,58,57,0,27.5345
73,58,58,0,27.5345
73,58,59,0,27.5345
73,58,60,0,27.5345
73,58,61,0,27.5345
73,58,62,0,27.5345
73,58,63,0,27.5345
73,59,0,0,27.7627
73,59,1,0,27.7627
73,59,2,0,27.7627
73,59,3,0,27.7627
73,59,4,0,27.7627
73,59,5,0,27.7627
73,59,6,0,27.7627
73,59,7,0,27.7627
73,59,8,0,27.7627
73,59,9,0,27.7627
73,59,10,0,27.7627
73,59,11,0,27.7627
73,59,12,0,27.7627
73,59,13,0,27.7627
73,59,14,0,27.7627
73,59,15,0,27.7627
73,59,16,0,27.7627
73,59,17,0,27.7627
73,59,18,0,27.7627
73,59,19,0,27.7627
73,59,20,0,27.7627
73,59,21,0,27.7627
73,59,22,0,27.7627
73,59,23,0,27.7627
73,59,24,0,27.7627
73,59,25,0,27.7627
73,59,26,0,27.7627
73,59,27,0,27.7627
73,59,28,0,27.7627
73,59,29,0,27.7627
73,59,30,0,27.7627
73,59,31,0,27.7627
73,59,32,0,27.7627
73,59,33,0,27.7627
73,59,34,0,27.7627
73,59,35,0,27.7627
73,59,36,0,27.7627
73,59,37,0,27.7627
73,59,38,0,27.7627
73,59,39,1638,27.7627
73,59,40,0,27.7627
73,59,41,0,27.7627
73,59,42,0,27.7627
73,59,43,0,27.7627
73,59,44,0,27.7627
73,59,45,0,27.7627
73,59,46,0,27.7627
73,59,47,0,27.7627
73,59,48,0,27.7627
73,59,49,0,27.7627
73,59,50,0,27.7627
73,59,51,0,27.7627
73,59,52,0,27.7627
73,59,53,0,27.7627
73,59,54,0,27.7627
73,59,55,0,27.7627
73,59,56,0,27.7627
73,59,57,0,27.7627
73,59,58,0,27.7627
73,59,59,0,27.7627
73,59,60,0,27.7627
73,59,61,0,27.7627
73,59,62,0,27.7627
73,59,63,0,27.7627
73,60,0,0,28.1167
73,60,1,0,28.1167
73,60,2,0,28.1167
73,60,3,0,28.1167
73,60,4,0,28.1167
73,60,5,0,28.1167
73,60,6,0,28.1167
73,60,7,0,28.1167
73,60,8,0,28.1167
73,60,9,0,28.1167
73,60,10,0,28.1167
73,60,11,0,28.1167
73,60,12,0,28.1167
73,60,13,0,28.1167
73,60,14,0,28.1167
73,60,15,0,28.1167
73,60,16,0,28.1167
73,60,17,0,28.1167
73,60,18,0,28.1167
73,60,19,0,28.1167
73,60,20,0,28.1167
73,60,21,0,28.1167
73,60,22,0,28.1167
73,60,23,0,28.1167
73,60,24,0,28.1167
73,60,25,0,28.1167
73,60,26,0,28.1167
73,60,27,0,28.1167
73,60,28,0,28.1167
73,60,29,0,28.1167
73,60,30,0,28.1167
73,60,31,0,28.1167
73,60,32,0,28.1167
73,60,33,0,28.1167
73,60,34,0,28.1167
73,60,35,0,28.1167
73,60,36,0,28.1167
73,60,37,0,28.1167
73,60,38,0,28.1167
73,60,39,1687,28.1167
73,60,40,0,28.1167
73,60,41,0,28.1167
73,60,42,0,28.1167
73,60,43,0,28.1167
73,60,44,0,28.1167
73,60,45,0,28.1167
73,60,46,0,28.1167
73,60,47,0,28.1167
73,60,48,0,28.1167
73,60,49,0,28.1167
73,60,50,0,28.1167
73,60,51,0,28.1167
73,60,52,0,28.1167
73,60,53,0,28.1167
73,60,54,0,28.1167
73,60,55,0,28.1167
73,60,56,0,28.1167
73,60,57,0,28.1167
73,60,58,0,28.1167
73,60,59,0,28.1167
73,60,60,0,28.1167
73,60,61,0,28.1167
73,60,62,0,28.1167
73,60,63,0,28.1167
73,61,0,0,28.1475
73,61,1,0,28.1475
73,61,2,0,28.1475
73,61,3,0,28.1475
73,61,4,0,28.1475
73,61,5,0,28.1475
73,61,6,0,28.1475
73,61,7,0,28.1475
73,61,8,0,28.1475
73,61,9,0,28.1475
73,61,10,0,28.1475
73,61,11,0,28.1475
73,61,12,0,28.1475
73,61,13,0,28.1475
73,61,14,0,28.1475
73,61,15,0,28.1475
73,61,16,0,28.1475
73,61,17,0,28.1475
73,61,18,0,28.1475
73,61,19,0,28.1475
73,61,20,0,28.1475
73,61,21,0,28.1475
73,61,22,0,28.1475
73,61,23,0,28.1475
73,61,24,0,28.1475
73,61,25,0,28.1475
73,61,26,0,28.1475
73,61,27,0,28.1475
73,61,28,0,28.1475
73,61,29,0,28.1475
73,61,30,0,28.1475
73,61,31,0,28.1475
73,61,32,0,28.1475
73,61,33,0,28.1475
73,61,34,0,28.1475
73,61,35,0,28.1475
73,61,36,0,28.1475
73,61,37,0,28.1475
73,61,38,0,28.1475
73,61,39,1717,28.1475
73,61,40,0,28.1475
73,61,41,0,28.1475
73,61,42,0,28.1475
73,61,43,0,28.1475
73,61,44,0,28.1475
73,61,45,0,28.1475
73,61,46,0,28.1475
73,61,47,0,28.1475
73,61,48,0,28.1475
73,61,49,0,28.1475
73,61,50,0,28.1475
73,61,51,0,28.1475
73,61,52,0,28.1475
73,61,53,0,28.1475
73,61,54,0,28.1475
73,61,55,0,28.1475
73,61,56,0,28.1475
73,61,57,0,28.1475
73,61,58,0,28.1475
73,61,59,0,28.1475
73,61,60,0,28.1475
73,61,61,0,28.1475
73,61,62,0,28.1475
73,61,63,0,28.1475
73,62,0,0,28.4194
73,62,1,0,28.4194
73,62,2,0,28.4194
73,62,3,0,28.4194
73,62,4,0,28.4194
73,62,5,0,28.4194
73,62,6,0,28.4194
73,62,7,0,28.4194
73,62,8,0,28.4194
73,62,9,0,28.4194
73,62,10,0,28.4194
73,62,11,0,28.4194
73,62,12,0,28.4194
73,62,13,0,28.4194
73,62,14,0,28.4194
73,62,15,0,28.4194
73,62,16,0,28.4194
73,62,17,0,28.4194
73,62,18,0,28.4194
73,62,19,0,28.4194
73,62,20,0,28.4194
73,62,21,0,28.4194
73,62,22,0,28.4194
73,62,23,0,28.4194
73,62,24,0,28.4194
73,62,25,0,28.4194
73,62,26,0,28.4194
73,62,27,0,28.4194
73,62,28,0,28.4194
73,62,29,0,28.4194
73,62,30,0,28.4194
73,62,31,0,28.4194
73,62,32,0,28.4194
73,62,33,0,28.4194
73,62,34,0,28.4194
73,62,35,0,28.4194
73,62,36,0,28.4194
73,62,37,0,28.4194
73,62,38,0,28.4194
73,62,39,1762,28.4194
73,62,40,0,28.4194
73,62,41,0,28.4194
73,62,42,0,28.4194
73,62,43,0,28.4194
73,62,44,0,28.4194
73,62,45,0,28.4194
73,62,46,0,28.4194
73,62,47,0,28.4194
73,62,48,0,28.4194
73,62,49,0,28.4194
73,62,50,0,28.4194
73,62,51,0,28.4194
73,62,52,0,28.4194
73,62,53,0,28.4194
73,62,54,0,28.4194
73,62,55,0,28.4194
73,62,56,0,28.4194
73,62,57,0,28.4194
73,62,58,0,28.4194
73,62,59,0,28.4194
73,62,60,0,28.4194
73,62,61,0,28.4194
73,62,62,0,28.4194
73,62,63,0,28.4194
73,63,0,0,28.1587
73,63,1,0,28.1587
73,63,2,0,28.1587
73,63,3,0,28.1587
73,63,4,0,28.1587
73,63,5,0,28.1587
73,63,6,0,28.1587
73,63,7,0,28.1587
73,63,8,0,28.1587
73,63,9,0,28.1587
73,63,10,0,28.1587
73,63,11,0,28.1587
73,63,12,0,28.1587
73,63,13,0,28.1587
73,63,14,0,28.1587
73,63,15,0,28.1587
73,63,16,0,28.1587
73,63,17,0,28.1587
73,63,18,0,28.1587
73,63,19,0,28.1587
73,63,20,0,28.1587
73,63,21,0,28.1587
73,63,22,0,28.1587
73,63,23,0,28.1587
73,63,24,0,28.1587
73,63,25,0,28.1587
73,63,26,0,28.1587
73,63,27,0,28.1587
73,63,28,0,28.1587
73,63,29,0,28.1587
73,63,30,0,28.1587
73,63,31,0,28.1587
73,63,32,0,28.1587
73,63,33,0,28.1587
73,63,34,0,28.1587
73,63,35,0,28.1587
73,63,36,0,28.1587
73,63,37,0,28.1587
73,63,38,0,28.1587
73,63,39,1774,28.1587
73,63,40,0,28.1587
73,63,41,0,28.1587
73,63,42,0,28.1587
73,63,43,0,28.1587
73,63,44,0,28.1587
73,63,45,0,28.1587
73,63,46,0,28.1587
73,63,47,0,28.1587
73,63,48,0,28.1587
73,63,49,0,28.1587
73,63,50,0,28.1587
73,63,51,0,28.1587
73,63,52,0,28.1587
73,63,53,0,28.1587
73,63,54,0,28.1587
73,63,55,0,28.1587
73,63,56,0,28.1587
73,63,57,0,28.1587
73,63,58,0,28.1587
73,63,59,0,28.1587
73,63,60,0,28.1587
73,63,61,0,28.1587
73,63,62,0,28.1587
73,63,63,0,28.1587
73,64,0,0,28.0156
73,64,1,0,28.0156
73,64,2,0,28.0156
73,64,3,0,28.0156
73,64,4,0,28.0156
73,64,5,0,28.0156
73,64,6,0,28.0156
73,64,7,0,28.0156
73,64,8,0,28.0156
73,64,9,0,28.0156
73,64,10,0,28.0156
73,64,11,0,28.0156
73,64,12,0,28.0156
73,64,13,0,28.0156
73,64,14,0,28.0156
73,64,15,0,28.0156
73,64,16,0,28.0156
73,64,17,0,28.0156
73,64,18,0,28.0156
73,64,19,0,28.0156
73,64,20,0,28.0156
73,64,21,0,28.0156
73,64,22,0,28.0156
73,64,23,0,28.0156
73,64,24,0,28.0156
73,64,25,0,28.0156
73,64,26,0,28.0156
73,64,27,0,28.0156
73,64,28,0,28.0156
73,64,29,0,28.0156
73,64,30,0,28.0156
73,64,31,0,28.0156
73,64,32,0,28.0156
73,64,33,0,28.0156
73,64,34,0,28.0156
73,64,35,0,28.0156
73,64,36,0,28.0156
73,64,37,0,28.0156
73,64,38,0,28.0156
73,64,39,1793,28.0156
73,64,40,0,28.0156
73,64,41,0,28.0156
73,64,42,0,28.0156
73,64,43,0,28.0156
73,64,44,0,28.0156
73,64,45,0,28.0156
73,64,46,0,28.0156
73,64,47,0,28.0156
73,64,48,0,28.0156
73,64,49,0,28.0156
73,64,50,0,28.0156
73,64,51,0,28.0156
73,64,52,0,28.0156
73,64,53,0,28.0156
73,64,54,0,28.0156
73,64,55,0,28.0156
73,64,56,0,28.0156
73,64,57,0,28.0156
73,64,58,0,28.0156
73,64,59,0,28.0156
73,64,60,0,28.0156
73,64,61,0,28.0156
73,64,62,0,28.0156
73,64,63,0,28.0156
73,65,0,0,27.8615
73,65,1,0,27.8615
73,65,2,0,27.8615
73,65,3,0,27.8615
73,65,4,0,27.8615
73,65,5,0,27.8615
73,65,6,0,27.8615
73,65,7,0,27.8615
73,65,8,0,27.8615
73,65,9,0,27.8615
73,65,10,0,27.8615
73,65,11,0,27.8615
73,65,12,0,27.8615
73,65,13,0,27.8615
73,65,14,0,27.8615
73,65,15,0,27.8615
73,65,16,0,27.8615
73,65,17,0,27.8615
73,65,18,0,27.8615
73,65,19,0,27.8615
73,65,20,0,27.8615
73,65,21,0,27.8615
73,65,22,0,27.8615
73,65,23,0,27.8615
73,65,24,0,27.8615
73,65,25,0,27.8615
73,65,26,0,27.8615
73,65,27,0,27.8615
73,65,28,0,27.8615
73,65,29,0,27.8615
73,65,30,0,27.8615
73,65,31,0,27.8615
73,65,32,0,27.8615
73,65,33,0,27.8615
73,65,34,0,27.8615
73,65,35,0,27.8615
73,65,36,0,27.8615
73,65,37,0,27.8615
73,65,38,0,27.8615
73,65,39,1811,27.8615
73,65,40,0,27.8615
73,65,41,0,27.8615
73,65,42,0,27.8615
73,65,43,0,27.8615
73,65,44,0,27.8615
73,65,45,0,27.8615
73,65,46,0,27.8615
73,65,47,0,27.8615
73,65,48,0,27.8615
73,65,49,0,27.8615
73,65,50,0,27.8615
73,65,51,0,27.8615
73,65,52,0,27.8615
73,65,53,0,27.8615
73,65,54,0,27.8615
73,65,55,0,27.8615
73,65,56,0,27.8615
73,65,57,0,27.8615
73,65,58,0,27.8615
73,65,59,0,27.8615
73,65,60,0,27.8615
73,65,61,0,27.8615
73,65,62,0,27.8615
73,65,63,0,27.8615
73,66,0,0,27.6061
73,66,1,0,27.6061
73,66,2,0,27.6061
73,66,3,0,27.6061
73,66,4,0,27.6061
73,66,5,0,27.6061
73,66,6,0,27.6061
73,66,7,0,27.6061
73,66,8,0,27.6061
73,66,9,0,27.6061
73,66,10,0,27.6061
73,66,11,0,27.6061
73,66,12,0,27.6061
73,66,13,0,27.6061
73,66,14,0,27.6061
73,66,15,0,27.6061
73,66,16,0,27.6061
73,66,17,0,27.6061
73,66,18,0,27.6061
73,66,19,0,27.6061
73,66,20,0,27.6061
73,66,21,0,27.6061
73,66,22,0,27.6061
73,66,23,0,27.6061
73,66,24,0,27.6061
73,66,25,0,27.6061
73,66,26,0,27.6061
73,66,27,0,27.6061
73,66,28,0,27.6061
73,66,29,0,27.6061
73,66,30,0,27.6061
73,66,31,0,27.6061
73,66,32,0,27.6061
73,66,33,0,27.6061
73,66,34,0,27.6061
73,66,35,0,27.6061
73,66,36,0,27.6061
73,66,37,0,27.6061
73,66,38,0,27.6061
73,66,39,1822,27.6061
73,66,40,0,27.6061
73,66,41,0,27.6061
73,66,42,0,27.6061
73,66,43,0,27.6061
73,66,44,0,27.6061
73,66,45,0,27.6061
73,66,46,0,27.6061
73,66,47,0,27.6061
73,66,48,0,27.6061
73,66,49,0,27.6061
73,66,50,0,27.6061
73,66,51,0,27.6061
73,66,52,0,27.6061
73,66,53,0,27.6061
73,66,54,0,27.6061
73,66,55,0,27.6061
73,66,56,0,27.6061
73,66,57,0,27.6061
73,66,58,0,27.6061
73,66,59,0,27.6061
73,66,60,0,27.6061
73,66,61,0,27.6061
73,66,62,0,27.6061
73,66,63,0,27.6061
73,67,0,0,27.4925
73,67,1,0,27.4925
73,67,2,0,27.4925
73,67,3,0,27.4925
73,67,4,0,27.4925
73,67,5,0,27.4925
73,67,6,0,27.4925
73,67,7,0,27.4925
73,67,8,0,27.4925
73,67,9,0,27.4925
73,67,10,0,27.4925
73,67,11,0,27.4925
73,67,12,0,27.4925
73,67,13,0,27.4925
73,67,14,0,27.4925
73,67,15,0,27.4925
73,67,16,0,27.4925
73,67,17,0,27.4925
73,67,18,0,27.4925
73,67,19,0,27.4925
73,67,20,0,27.4925
73,67,21,0,27.4925
73,67,22,0,27.4925
73,67,23,0,27.4925
73,67,24,0,27.4925
73,67,25,0,27.4925
73,67,26,0,27.4925
73,67,27,0,27.4925
73,67,28,0,27.4925
73,67,29,0,27.4925
73,67,30,0,27.4925
73,67,31,0,27.4925
73,67,32,0,27.4925
73,67,33,0,27.4925
73,67,34,0,27.4925
73,67,35,0,27.4925
73,67,36,0,27.4925
73,67,37,0,27.4925
73,67,38,0,27.4925
73,67,39,1842,27.4925
73,67,40,0,27.4925
73,67,41,0,27.4925
73,67,42,0,27.4925
73,67,43,0,27.4925
73,67,44,0,27.4925
73,67,45,0,27.4925
73,67,46,0,27.4925
73,67,47,0,27.4925
73,67,48,0,27.4925
73,67,49,0,27.4925
73,67,50,0,27.4925
73,67,51,0,27.4925
73,67,52,0,27.4925
73,67,53,0,27.4925
73,67,54,0,27.4925
73,67,55,0,27.4925
73,67,56,0,27.4925
73,67,57,0,27.4925
73,67,58,0,27.4925
73,67,59,0,27.4925
73,67,60,0,27.4925
73,67,61,0,27.4925
73,67,62,0,27.4925
73,67,63,0,27.4925
73,68,0,0,27.3235
73,68,1,0,27.3235
73,68,2,0,27.3235
73,68,3,0,27.3235
73,68,4,0,27.3235
73,68,5,0,27.3235
73,68,6,0,27.3235
73,68,7,0,27.3235
73,68,8,0,27.3235
73,68,9,0,27.3235
73,68,10,0,27.3235
73,68,11,0,27.3235
73,68,12,0,27.3235
73,68,13,0,27.3235
73,68,14,0,27.3235
73,68,15,0,27.3235
73,68,16,0,27.3235
73,68,17,0,27.3235
73,68,18,0,27.3235
73,68,19,0,27.3235
73,68,20,0,27.3235
73,68,21,0,27.3235
73,68,22,0,27.3235
73,68,23,0,27.3235
73,68,24,0,27.3235
73,68,25,0,27.3235
73,68,26,0,27.3235
73,68,27,0,27.3235
73,68,28,0,27.3235
73,68,29,0,27.3235
73,68,30,0,27.3235
73,68,31,0,27.3235
73,68,32,0,27.3235
73,68,33,0,27.3235
73,68,34,0,27.3235
73,68,35,0,27.3235
73,68,36,0,27.3235
73,68,37,0,27.3235
73,68,38,0,27.3235
73,68,39,1858,27.3235
73,68,40,0,27.3235
73,68,41,0,27.3235
73,68,42,0,27.3235
73,68,43,0,27.3235
73,68,44,0,27.3235
73,68,45,0,27.3235
73,68,46,0,27.3235
73,68,47,0,27.3235
73,68,48,0,27.3235
73,68,49,0,27.3235
73,68,50,0,27.3235
73,68,51,0,27.3235
73,68,52,0,27.3235
73,68,53,0,27.3235
73,68,54,0,27.3235
73,68,55,0,27.3235
73,68,56,0,27.3235
73,68,57,0,27.3235
73,68,58,0,27.3235
73,68,59,0,27.3235
73,68,60,0,27.3235
73,68,61,0,27.3235
73,68,62,0,27.3235
73,68,63,0,27.3235
73,69,0,0,27.2174
73,69,1,0,27.2174
73,69,2,0,27.2174
73,69,3,0,27.2174
73,69,4,0,27.2174
73,69,5,0,27.2174
73,69,6,0,27.2174
73,69,7,0,27.2174
73,69,8,0,27.2174
73,69,9,0,27.2174
73,69,10,0,27.2174
73,69,11,0,27.2174
73,69,12,0,27.2174
73,69,13,0,27.2174
73,69,14,0,27.2174
73,69,15,0,27.2174
73,69,16,0,27.2174
73,69,17,0,27.2174
73,69,18,0,27.2174
73,69,19,0,27.2174
73,69,20,0,27.2174
73,69,21,0,27.2174
73,69,22,0,27.2174
73,69,23,0,27.2174
73,69,24,0,27.2174
73,69,25,0,27.2174
73,69,26,0,27.2174
73,69,27,0,27.2174
73,69,28,0,27.2174
73,69,29,0,27.2174
73,69,30,0,27.2174
73,69,31,0,27.2174
73,69,32,0,27.2174
73,69,33,0,27.2174
73,69,34,0,27.2174
73,69,35,0,27.2174
73,69,36,0,27.2174
73,69,37,0,27.2174
73,69,38,0,27.2174
73,69,39,1878,27.2174
73,69,40,0,27.2174
73,69,41,0,27.2174
73,69,42,0,27.2174
73,69,43,0,27.2174
73,69,44,0,27.2174
73,69,45,0,27.2174
73,69,46,0,27.2174
73,69,47,0,27.2174
73,69,48,0,27.2174
73,69,49,0,27.2174
73,69,50,0,27.2174
73,69,51,0,27.2174
73,69,52,0,27.2174
73,69,53,0,27.2174
73,69,54,0,27.2174
73,69,55,0,27.2174
73,69,56,0,27.2174
73,69,57,0,27.2174
73,69,58,0,27.2174
73,69,59,0,27.2174
73,69,60,0,27.2174
73,69,61,0,27.2174
73,69,62,0,27.2174
73,69,63,0,27.2174
73,70,0,0,27.5286
73,70,1,0,27.5286
73,70,2,0,27.5286
73,70,3,0,27.5286
73,70,4,0,27.5286
73,70,5,0,27.5286
73,70,6,0,27.5286
73,70,7,0,27.5286
73,70,8,0,27.5286
73,70,9,0,27.5286
73,70,10,0,27.5286
73,70,11,0,27.5286
73,70,12,0,27.5286
73,70,13,0,27.5286
73,70,14,0,27.5286
73,70,15,0,27.5286
73,70,16,0,27.5286
73,70,17,0,27.5286
73,70,18,0,27.5286
73,70,19,0,27.5286
73,70,20,0,27.5286
73,70,21,0,27.5286
73,70,22,0,27.5286
73,70,23,0,27.5286
73,70,24,0,27.5286
73,70,25,0,27.5286
73,70,26,0,27.5286
73,70,27,0,27.5286
73,70,28,0,27.5286
73,70,29,0,27.5286
73,70,30,0,27.5286
73,70,31,0,27.5286
73,70,32,0,27.5286
73,70,33,0,27.5286
73,70,34,0,27.5286
73,70,35,0,27.5286
73,70,36,0,27.5286
73,70,37,0,27.5286
73,70,38,0,27.5286
73,70,39,1927,27.5286
73,70,40,0,27.5286
73,70,41,0,27.5286
73,70,42,0,27.5286
73,70,43,0,27.5286
73,70,44,0,27.5286
73,70,45,0,27.5286
73,70,46,0,27.5286
73,70,47,0,27.5286
73,70,48,0,27.5286
73,70,49,0,27.5286
73,70,50,0,27.5286
73,70,51,0,27.5286
73,70,52,0,27.5286
73,70,53,0,27.5286
73,70,54,0,27.5286
73,70,55,0,27.5286
73,70,56,0,27.5286
73,70,57,0,27.5286
73,70,58,0,27.5286
73,70,59,0,27.5286
73,70,60,0,27.5286
73,70,61,0,27.5286
73,70,62,0,27.5286
73,70,63,0,27.5286
73,71,0,0,27.3662
73,71,1,0,27.3662
73,71,2,0,27.3662
73,71,3,0,27.3662
73,71,4,0,27.3662
73,71,5,0,27.3662
73,71,6,0,27.3662
73,71,7,0,27.3662
73,71,8,0,27.3662
73,71,9,0,27.3662
73,71,10,0,27.3662
73,71,11,0,27.3662
73,71,12,0,27.3662
73,71,13,0,27.3662
73,71,14,0,27.3662
73,71,15,0,27.3662
73,71,16,0,27.3662
73,71,17,0,27.3662
73,71,18,0,27.3662
73,71,19,0,27.3662
73,71,20,0,27.3662
73,71,21,0,27.3662
73,71,22,0,27.3662
73,71,23,0,27.3662
73,71,24,0,27.3662
73,71,25,0,27.3662
73,71,26,0,27.3662
73,71,27,0,27.3662
73,71,28,0,27.3662
73,71,29,0,27.3662
73,71,30,0,27.3662
73,71,31,0,27.3662
73,71,32,0,27.3662
73,71,33,0,27.3662
73,71,34,0,27.3662
73,71,35,0,27.3662
73,71,36,0,27.3662
73,71,37,0,27.3662
73,71,38,0,27.3662
73,71,39,1943,27.3662
73,71,40,0,27.3662
73,71,41,0,27.3662
73,71,42,0,27.3662
73,71,43,0,27.3662
73,71,44,0,27.3662
73,71,45,0,27.3662
73,71,46,0,27.3662
73,71,47,0,27.3662
73,71,48,0,27.3662
73,71,49,0,27.3662
73,71,50,0,27.3662
73,71,51,0,27.3662
73,71,52,0,27.3662
73,71,53,0,27.3662
73,71,54,0,27.3662
73,71,55,0,27.3662
73,71,56,0,27.3662
73,71,57,0,27.3662
73,71,58,0,27.3662
73,71,59,0,27.3662
73,71,60,0,27.3662
73,71,61,0,27.3662
73,71,62,0,27.3662
73,71,63,0,27.3662
73,72,0,0,27.2222
73,72,1,0,27.2222
73,72,2,0,27.2222
73,72,3,0,27.2222
73,72,4,0,27.2222
73,72,5,0,27.2222
73,72,6,0,27.2222
73,72,7,0,27.2222
73,72,8,0,27.2222
73,72,9,0,27.2222
73,72,10,0,27.2222
73,72,11,0,27.2222
73,72,12,0,27.2222
73,72,13,0,27.2222
73,72,14,0,27.2222
73,72,15,0,27.2222
73,72,16,0,27.2222
73,72,17,0,27.2222
73,72,18,0,27.2222
73,72,19,0,27.2222
73,72,20,0,27.2222
73,72,21,0,27.2222
73,72,22,0,27.2222
73,72,23,0,27.2222
73,72,24,0,27.2222
73,72,25,0,27.2222
73,72,26,0,27.2222
73,72,27,0,27.2222
73,72,28,0,27.2222
73,72,29,0,27.2222
73,72,30,0,27.2222
73,72,31,0,27.2222
73,72,32,0,27.2222
73,72,33,0,27.2222
73,72,34,0,27.2222
73,72,35,0,27.2222
73,72,36,0,27.2222
73,72,37,0,27.2222
73,72,38,0,27.2222
73,72,39,1960,27.2222
73,72,40,0,27.2222
73,72,41,0,27.2222
73,72,42,0,27.2222
73,72,43,0,27.2222
73,72,44,0,27.2222
73,72,45,0,27.2222
73,72,46,0,27.2222
73,72,47,0,27.2222
73,72,48,0,27.2222
73,72,49,0,27.2222
73,72,50,0,27.2222
73,72,51,0,27.2222
73,72,52,0,27.2222
73,72,53,0,27.2222
73,72,54,0,27.2222
73,72,55,0,27.2222
73,72,56,0,27.2222
73,72,57,0,27.2222
73,72,58,0,27.2222
73,72,59,0,27.2222
73,72,60,0,27.2222
73,72,61,0,27.2222
73,72,62,0,27.2222
73,72,63,0,27.2222
73,73,0,0,27.2055
73,73,1,0,27.2055
73,73,2,0,27.2055
73,73,3,0,27.2055
73,73,4,0,27.2055
73,73,5,0,27.2055
73,73,6,0,27.2055
73,73,7,0,27.2055
73,73,8,0,27.2055
73,73,9,0,27.2055
73,73,10,0,27.2055
73,73,11,0,27.2055
73,73,12,0,27.2055
73,73,13,0,27.2055
73,73,14,0,27.2055
73,73,15,0,27.2055
73,73,16,0,27.2055
73,73,17,0,27.2055
73,73,18,0,27.2055
73,73,19,0,27.2055
73,73,20,0,27.2055
73,73,21,0,27.2055
73,73,22,0,27.2055
73,73,23,0,27.2055
73,73,24,0,27.2055
73,73,25,0,27.2055
73,73,26,0,27.2055
73,73,27,0,27.2055
73,73,28,0,27.2055
73,73,29,0,27.2055
73,73,30,0,27.2055
73,73,31,0,27.2055
73,73,32,0,27.2055
73,73,33,0,27.2055
73,73,34,0,27.2055
73,73,35,0,27.2055
73,73,36,0,27.2055
73,73,37,0,27.2055
73,73,38,0,27.2055
73,73,39,1986,27.2055
73,73,40,0,27.2055
73,73,41,0,27.2055
73,73,42,0,27.2055
73,73,43,0,27.2055
73,73,44,0,27.2055
73,73,45,0,27.2055
73,73,46,0,27.2055
73,73,47,0,27.2055
73,73,48,0,27.2055
73,73,49,0,27.2055
73,73,50,0,27.2055
73,73,51,0,27.2055
73,73,52,0,27.2055
73,73,53,0,27.2055
73,73,54,0,27.2055
73,73,55,0,27.2055
73,73,56,0,27.2055
73,73,57,0,27.2055
73,73,58,0,27.2055
73,73,59,0,27.2055
73,73,60,0,27.2055
73,73,61,0,27.2055
73,73,62,0,27.2055
73,73,63,0,27.2055
73,74,0,0,27.1351
73,74,1,0,27.1351
73,74,2,0,27.1351
73,74,3,0,27.1351
73,74,4,0,27.1351
73,74,5,0,27.1351
73,74,6,0,27.1351
73,74,7,0,27.1351
73,74,8,0,27.1351
73,74,9,0,27.1351
73,74,10,0,27.1351
73,74,11,0,27.1351
73,74,12,0,27.1351
73,74,13,0,27.1351
73,74,14,0,27.1351
73,74,15,0,27.1351
73,74,16,0,27.1351
73,74,17,0,27.1351
73,74,18,0,27.1351
73,74,19,0,27.1351
73,74,20,0,27.1351
73,74,21,0,27.1351
73,74,22,0,27.1351
73,74,23,0,27.1351
73,74,24,0,27.1351
73,74,25,0,27.1351
73,74,26,0,27.1351
73,74,27,0,27.1351
73,74,28,0,27.1351
73,74,29,0,27.1351
73,74,30,0,27.1351
73,74,31,0,27.1351
73,74,32,0,27.1351
73,74,33,0,27.1351
73,74,34,0,27.1351
73,74,35,0,27.1351
73,74,36,0,27.1351
73,74,37,0,27.1351
73,74,38,0,27.1351
73,74,39,2008,27.1351
73,74,40,0,27.1351
73,74,41,0,27.1351
73,74,42,0,27.1351
73,74,43,0,27.1351
73,74,44,0,27.1351
73,74,45,0,27.1351
73,74,46,0,27.1351
73,74,47,0,27.1351
73,74,48,0,27.1351
73,74,49,0,27.1351
73,74,50,0,27.1351
73,74,51,0,27.1351
73,74,52,0,27.1351
73,74,53,0,27.1351
73,74,54,0,27.1351
73,74,55,0,27.1351
73,74,56,0,27.1351
73,74,57,0,27.1351
73,74,58,0,27.1351
73,74,59,0,27.1351
73,74,60,0,27.1351
73,74,61,0,27.1351
73,74,62,0,27.1351
73,74,63,0,27.1351
73,75,0,0,26.8933
73,75,1,0,26.8933
73,75,2,0,26.8933
73,75,3,0,26.8933
73,75,4,0,26.8933
73,75,5,0,26.8933
73,75,6,0,26.8933
73,75,7,0,26.8933
73,75,8,0,26.8933
73,75,9,0,26.8933
73,75,10,0,26.8933
73,75,11,0,26.8933
73,75,12,0,26.8933
73,75,13,0,26.8933
73,75,14,0,26.8933
73,75,15,0,26.8933
73,75,16,0,26.8933
73,75,17,0,26.8933
73,75,18,0,26.8933
73,75,19,0,26.8933
73,75,20,0,26.8933
73,75,21,0,26.8933
73,75,22,0,26.8933
73,75,23,0,26.8933
73,75,24,0,26.8933
73,75,25,0,26.8933
73,75,26,0,26.8933
73,75,27,0,26.8933
73,75,28,0,26.8933
73,75,29,0,26.8933
73,75,30,0,26.8933
73,75,31,0,26.8933
73,75,32,0,26.8933
73,75,33,0,26.8933
73,75,34,0,26.8933
73,75,35,0,26.8933
73,75,36,0,26.8933
73,75,37,0,26.8933
73,75,38,0,26.8933
73,75,39,2017,26.8933
73,75,40,0,26.8933
73,75,41,0,26.8933
73,75,42,0,26.8933
73,75,43,0,26.8933
73,75,44,0,26.8933
73,75,45,0,26.8933
73,75,46,0,26.8933
73,75,47,0,26.8933
73,75,48,0,26.8933
73,75,49,0,26.8933
73,75,50,0,26.8933
73,75,51,0,26.8933
73,75,52,0,26.8933
73,75,53,0,26.8933
73,75,54,0,26.8933
73,75,55,0,26.8933
73,75,56,0,26.8933
73,75,57,0,26.8933
73,75,58,0,26.8933
73,75,59,0,26.8933
73,75,60,0,26.8933
73,75,61,0,26.8933
73,75,62,0,26.8933
73,75,63,0,26.8933
73,76,0,0,26.8026
73,76,1,0,26.8026
73,76,2,0,26.8026
73,76,3,0,26.8026
73,76,4,0,26.8026
73,76,5,0,26.8026
73,76,6,0,26.8026
73,76,7,0,26.8026
73,76,8,0,26.8026
73,76,9,0,26.8026
73,76,10,0,26.8026
73,76,11,0,26.8026
73,76,12,0,26.8026
73,76,13,0,26.8026
73,76,14,0,26.8026
73,76,15,0,26.8026
73,76,16,0,26.8026
73,76,17,0,26.8026
73,76,18,0,26.8026
73,76,19,0,26.8026
73,76,20,0,26.8026
73,76,21,0,26.8026
73,76,22,0,26.8026
73,76,23,0,26.8026
73,76,24,0,26.8026
73,76,25,0,26.8026
73,76,26,0,26.8026
73,76,27,0,26.8026
73,76,28,0,26.8026
73,76,29,0,26.8026
73,76,30,0,26.8026
73,76,31,0,26.8026
73,76,32,0,26.8026
73,76,33,0,26.8026
73,76,34,0,26.8026
73,76,35,0,26.8026
73,76,36,0,26.8026
73,76,37,0,26.8026
73,76,38,0,26.8026
73,76,39,2037,26.8026
73,76,40,0,26.8026
73,76,41,0,26.8026
73,76,42,0,26.8026
73,76,43,0,26.8026
73,76,44,0,26.8026
73,76,45,0,26.8026
73,76,46,0,26.8026
73,76,47,0,26.8026
73,76,48,0,26.8026
73,76,49,0,26.8026
73,76,50,0,26.8026
73,76,51,0,26.8026
73,76,52,0,26.8026
73,76,53,0,26.8026
73,76,54,0,26.8026
73,76,55,0,26.8026
73,76,56,0,26.8026
73,76,57,0,26.8026
73,76,58,0,26.8026
73,76,59,0,26.8026
73,76,60,0,26.8026
73,76,61,0,26.8026
73,76,62,0,26.8026
73,76,63,0,26.8026
73,77,0,0,26.6364
73,77,1,0,26.6364
73,77,2,0,26.6364
73,77,3,0,26.6364
73,77,4,0,26.6364
73,77,5,0,26.6364
73,77,6,0,26.6364
73,77,7,0,26.6364
73,77,8,0,26.6364
73,77,9,0,26.6364
73,77,10,0,26.6364
73,77,11,0,26.6364
73,77,12,0,26.6364
73,77,13,0,26.6364
73,77,14,0,26.6364
73,77,15,0,26.6364
73,77,16,0,26.6364
73,77,17,0,26.6364
73,77,18,0,26.6364
73,77,19,0,26.6364
73,77,20,0,26.6364
73,77,21,0,26.6364
73,77,22,0,26.6364
73,77,23,0,26.6364
73,77,24,0,26.6364
73,77,25,0,26.6364
73,77,26,0,26.6364
73,77,27,0,26.6364
73,77,28,0,26.6364
73,77,29,0,26.6364
73,77,30,0,26.6364
73,77,31,0,26.6364
73,77,32,0,26.6364
73,77,33,0,26.6364
73,77,34,0,26.6364
73,77,35,0,26.6364
73,77,36,0,26.6364
73,77,37,0,26.6364
73,77,38,0,26.6364
73,77,39,2051,26.6364
73,77,40,0,26.6364
73,77,41,0,26.6364
73,77,42,0,26.6364
73,77,43,0,26.6364
73,77,44,0,26.6364
73,77,45,0,26.6364
73,77,46,0,26.6364
73,77,47,0,26.6364
73,77,48,0,26.6364
73,77,49,0,26.6364
73,77,50,0,26.6364
73,77,51,0,26.6364
73,77,52,0,26.6364
73,77,53,0,26.6364
73,77,54,0,26.6364
73,77,55,0,26.6364
73,77,56,0,26.6364
73,77,57,0,26.6364
73,77,58,0,26.6364
73,77,59,0,26.6364
73,77,60,0,26.6364
73,77,61,0,26.6364
73,77,62,0,26.6364
73,77,63,0,26.6364
73,78,0,0,26.7949
73,78,1,0,26.7949
73,78,2,0,26.7949
73,78,3,0,26.7949
73,78,4,0,26.7949
73,78,5,0,26.7949
73,78,6,0,26.7949
73,78,7,0,26.7949
73,78,8,0,26.7949
73,78,9,0,26.7949
73,78,10,0,26.7949
73,78,11,0,26.7949
73,78,12,0,26.7949
73,78,13,0,26.7949
73,78,14,0,26.7949
73,78,15,0,26.7949
73,78,16,0,26.7949
73,78,17,0,26.7949
73,78,18,0,26.7949
73,78,19,0,26.7949
73,78,20,0,26.7949
73,78,21,0,26.7949
73,78,22,0,26.7949
73,78,23,0,26.7949
73,78,24,0,26.7949
73,78,25,0,26.7949
73,78,26,0,26.7949
73,78,27,0,26.7949
73,78,28,0,26.7949
73,78,29,0,26.7949
73,78,30,0,26.7949
73,78,31,0,26.7949
73,78,32,0,26.7949
73,78,33,0,26.7949
73,78,34,0,26.7949
73,78,35,0,26.7949
73,78,36,0,26.7949
73,78,37,0,26.7949
73,78,38,0,26.7949
73,78,39,2090,26.7949
73,78,40,0,26.7949
73,78,41,0,26.7949
73,78,42,0,26.7949
73,78,43,0,26.7949
73,78,44,0,26.7949
73,78,45,0,26.7949
73,78,46,0,26.7949
73,78,47,0,26.7949
73,78,48,0,26.7949
73,78,49,0,26.7949
73,78,50,0,26.7949
73,78,51,0,26.7949
73,78,52,0,26.7949
73,78,53,0,26.7949
73,78,54,0,26.7949
73,78,55,0,26.7949
73,78,56,0,26.7949
73,78,57,0,26.7949
73,78,58,0,26.7949
73,78,59,0,26.7949
73,78,60,0,26.7949
73,78,61,0,26.7949
73,78,62,0,26.7949
73,78,63,0,26.7949
73,79,0,0,27.1013
73,79,1,0,27.1013
73,79,2,0,27.1013
73,79,3,0,27.1013
73,79,4,0,27.1013
73,79,5,0,27.1013
73,79,6,0,27.1013
73,79,7,0,27.1013
73,79,8,0,27.1013
73,79,9,0,27.1013
73,79,10,0,27.1013
73,79,11,0,27.1013
73,79,12,0,27.1013
73,79,13,0,27.1013
73,79,14,0,27.1013
73,79,15,0,27.1013
73,79,16,0,27.1013
73,79,17,0,27.1013
73,79,18,0,27.1013
73,79,19,0,27.1013
73,79,20,0,27.1013
73,79,21,0,27.1013
73,79,22,0,27.1013
73,79,23,0,27.1013
73,79,24,0,27.1013
73,79,25,0,27.1013
73,79,26,0,27.1013
73,79,27,0,27.1013
73,79,28,0,27.1013
73,79,29,0,27.1013
73,79,30,0,27.1013
73,79,31,0,27.1013
73,79,32,0,27.1013
73,79,33,0,27.1013
73,79,34,0,27.1013
73,79,35,0,27.1013
73,79,36,0,27.1013
73,79,37,0,27.1013
73,79,38,0,27.1013
73,79,39,2141,27.1013
73,79,40,0,27.1013
73,79,41,0,27.1013
73,79,42,0,27.1013
73,79,43,0,27.1013
73,79,44,0,27.1013
73,79,45,0,27.1013
73,79,46,0,27.1013
73,79,47,0,27.1013
73,79,48,0,27.1013
73,79,49,0,27.1013
73,79,50,0,27.1013
73,79,51,0,27.1013
73,79,52,0,27.1013
73,79,53,0,27.1013
73,79,54,0,27.1013
73,79,55,0,27.1013
73,79,56,0,27.1013
73,79,57,0,27.1013
73,79,58,0,27.1013
73,79,59,0,27.1013
73,79,60,0,27.1013
73,79,61,0,27.1013
73,79,62,0,27.1013
73,79,63,0,27.1013
73,80,0,0,27.4875
73,80,1,0,27.4875
73,80,2,0,27.4875
73,80,3,0,27.4875
73,80,4,0,27.4875
73,80,5,0,27.4875
73,80,6,0,27.4875
73,80,7,0,27.4875
73,80,8,0,27.4875
73,80,9,0,27.4875
73,80,10,0,27.4875
73,80,11,0,27.4875
73,80,12,0,27.4875
73,80,13,0,27.4875
73,80,14,0,27.4875
73,80,15,0,27.4875
73,80,16,0,27.4875
73,80,17,0,27.4875
73,80,18,0,27.4875
73,80,19,0,27.4875
73,80,20,0,27.4875
73,80,21,0,27.4875
73,80,22,0,27.4875
73,80,23,0,27.4875
73,80,24,0,27.4875
73,80,25,0,27.4875
73,80,26,0,27.4875
73,80,27,0,27.4875
73,80,28,0,27.4875
73,80,29,0,27.4875
73,80,30,0,27.4875
73,80,31,0,27.4875
73,80,32,0,27.4875
73,80,33,0,27.4875
73,80,34,0,27.4875
73,80,35,0,27.4875
73,80,36,0,27.4875
73,80,37,0,27.4875
73,80,38,0,27.4875
73,80,39,2199,27.4875
73,80,40,0,27.4875
73,80,41,0,27.4875
73,80,42,0,27.4875
73,80,43,0,27.4875
73,80,44,0,27.4875
73,80,45,0,27.4875
73,80,46,0,27.4875
73,80,47,0,27.4875
73,80,48,0,27.4875
73,80,49,0,27.4875
73,80,50,0,27.4875
73,80,51,0,27.4875
73,80,52,0,27.4875
73,80,53,0,27.4875
73,80,54,0,27.4875
73,80,55,0,27.4875
73,80,56,0,27.4875
73,80,57,0,27.4875
73,80,58,0,27.4875
73,80,59,0,27.4875
73,80,60,0,27.4875
73,80,61,0,27.4875
73,80,62,0,27.4875
73,80,63,0,27.4875
73,81,0,0,27.321
73,81,1,0,27.321
73,81,2,0,27.321
73,81,3,0,27.321
73,81,4,0,27.321
73,81,5,0,27.321
73,81,6,0,27.321
73,81,7,0,27.321
73,81,8,0,27.321
73,81,9,0,27.321
73,81,10,0,27.321
73,81,11,0,27.321
73,81,12,0,27.321
73,81,13,0,27.321
73,81,14,0,27.321
73,81,15,0,27.321
73,81,16,0,27.321
73,81,17,0,27.321
73,81,18,0,27.321
73,81,19,0,27.321
73,81,20,0,27.321
73,81,21,0,27.321
73,81,22,0,27.321
73,81,23,0,27.321
73,81,24,0,27.321
73,81,25,0,27.321
73,81,26,0,27.321
73,81,27,0,27.321
73,81,28,0,27.321
73,81,29,0,27.321
73,81,30,0,27.321
73,81,31,0,27.321
73,81,32,0,27.321
73,81,33,0,27.321
73,81,34,0,27.321
73,81,35,0,27.321
73,81,36,0,27.321
73,81,37,0,27.321
73,81,38,0,27.321
73,81,39,2213,27.321
73,81,40,0,27.321
73,81,41,0,27.321
73,81,42,0,27.321
73,81,43,0,27.321
73,81,44,0,27.321
73,81,45,0,27.321
73,81,46,0,27.321
73,81,47,0,27.321
73,81,48,0,27.321
73,81,49,0,27.321
73,81,50,0,27.321
73,81,51,0,27.321
73,81,52,0,27.321
73,81,53,0,27.321
73,81,54,0,27.321
73,81,55,0,27.321
73,81,56,0,27.321
73,81,57,0,27.321
73,81,58,0,27.321
73,81,59,0,27.321
73,81,60,0,27.321
73,81,61,0,27.321
73,81,62,0,27.321
73,81,63,0,27.321
73,82,0,0,27.122
73,82,1,0,27.122
73,82,2,0,27.122
73,82,3,0,27.122
73,82,4,0,27.122
73,82,5,0,27.122
73,82,6,0,27.122
73,82,7,0,27.122
73,82,8,0,27.122
73,82,9,0,27.122
73,82,10,0,27.122
73,82,11,0,27.122
73,82,12,0,27.122
73,82,13,0,27.122
73,82,14,0,27.122
73,82,15,0,27.122
73,82,16,0,27.122
73,82,17,0,27.122
73,82,18,0,27.122
73,82,19,0,27.122
73,82,20,0,27.122
73,82,21,0,27.122
73,82,22,0,27.122
73,82,23,0,27.122
73,82,24,0,27.122
73,82,25,0,27.122
73,82,26,0,27.122
73,82,27,0,27.122
73,82,28,0,27.122
73,82,29,0,27.122
73,82,30,0,27.122
73,82,31,0,27.122
73,82,32,0,27.122
73,82,33,0,27.122
73,82,34,0,27.122
73,82,35,0,27.122
73,82,36,0,27.122
73,82,37,0,27.122
73,82,38,0,27.122
73,82,39,2224,27.122
73,82,40,0,27.122
73,82,41,0,27.122
73,82,42,0,27.122
73,82,43,0,27.122
73,82,44,0,27.122
73,82,45,0,27.122
73,82,46,0,27.122
73,82,47,0,27.122
73,82,48,0,27.122
73,82,49,0,27.122
73,82,50,0,27.122
73,82,51,0,27.122
73,82,52,0,27.122
73,82,53,0,27.122
73,82,54,0,27.122
73,82,55,0,27.122
73,82,56,0,27.122
73,82,57,0,27.122
73,82,58,0,27.122
73,82,59,0,27.122
73,82,60,0,27.122
73,82,61,0,27.122
73,82,62,0,27.122
73,82,63,0,27.122
73,83,0,0,26.8795
73,83,1,0,26.8795
73,83,2,0,26.8795
73,83,3,0,26.8795
73,83,4,0,26.8795
73,83,5,0,26.8795
73,83,6,0,26.8795
73,83,7,0,26.8795
73,83,8,0,26.8795
73,83,9,0,26.8795
73,83,10,0,26.8795
73,83,11,0,26.8795
73,83,12,0,26.8795
73,83,13,0,26.8795
73,83,14,0,26.8795
73,83,15,0,26.8795
73,83,16,0,26.8795
73,83,17,0,26.8795
73,83,18,0,26.8795
73,83,19,0,26.8795
73,83,20,0,26.8795
73,83,21,0,26.8795
73,83,22,0,26.8795
73,83,23,0,26.8795
73,83,24,0,26.8795
73,83,25,0,26.8795
73,83,26,0,26.8795
73,83,27,0,26.8795
73,83,28,0,26.8795
73,83,29,0,26.8795
73,83,30,0,26.8795
73,83,31,0,26.8795
73,83,32,0,26.8795
73,83,33,0,26.8795
73,83,34,0,26.8795
73,83,35,0,26.8795
73,83,36,0,26.8795
73,83,37,0,26.8795
73,83,38,0,26.8795
73,83,39,2231,26.8795
73,83,40,0,26.8795
73,83,41,0,26.8795
73,83,42,0,26.8795
73,83,43,0,26.8795
73,83,44,0,26.8795
73,83,45,0,26.8795
73,83,46,0,26.8795
73,83,47,0,26.8795
73,83,48,0,26.8795
73,83,49,0,26.8795
73,83,50,0,26.8795
73,83,51,0,26.8795
73,83,52,0,26.8795
73,83,53,0,26.8795
73,83,54,0,26.8795
73,83,55,0,26.8795
73,83,56,0,26.8795
73,83,57,0,26.8795
73,83,58,0,26.8795
73,83,59,0,26.8795
73,83,60,0,26.8795
73,83,61,0,26.8795
73,83,62,0,26.8795
73,83,63,0,26.8795
73,84,0,0,27.1667
73,84,1,0,27.1667
73,84,2,0,27.1667
73,84,3,0,27.1667
73,84,4,0,27.1667
73,84,5,0,27.1667
73,84,6,0,27.1667
73,84,7,0,27.1667
73,84,8,0,27.1667
73,84,9,0,27.1667
73,84,10,0,27.1667
73,84,11,0,27.1667
73,84,12,0,27.1667
73,84,13,0,27.1667
73,84,14,0,27.1667
73,84,15,0,27.1667
73,84,16,0,27.1667
73,84,17,0,27.1667
73,84,18,0,27.1667
73,84,19,0,27.1667
73,84,20,0,27.1667
73,84,21,0,27.1667
73,84,22,0,27.1667
73,84,23,0,27.1667
73,84,24,0,27.1667
73,84,25,0,27.1667
73,84,26,0,27.1667
73,84,27,0,27.1667
73,84,28,0,27.1667
73,84,29,0,27.1667
73,84,30,0,27.1667
73,84,31,0,27.1667
73,84,32,0,27.1667
73,84,33,0,27.1667
73,84,34,0,27.1667
73,84,35,0,27.1667
73,84,36,0,27.1667
73,84,37,0,27.1667
73,84,38,0,27.1667
73,84,39,2282,27.1667
73,84,40,0,27.1667
73,84,41,0,27.1667
73,84,42,0,27.1667
73,84,43,0,27.1667
73,84,44,0,27.1667
73,84,45,0,27.1667
73,84,46,0,27.1667
73,84,47,0,27.1667
73,84,48,0,27.1667
73,84,49,0,27.1667
73,84,50,0,27.1667
73,84,51,0,27.1667
73,84,52,0,27.1667
73,84,53,0,27.1667
73,84,54,0,27.1667
73,84,55,0,27.1667
73,84,56,0,27.1667
73,84,57,0,27.1667
73,84,58,0,27.1667
73,84,59,0,27.1667
73,84,60,0,27.1667
73,84,61,0,27.1667
73,84,62,0,27.1667
73,84,63,0,27.1667
73,85,0,0,26.9647
73,85,1,0,26.9647
73,85,2,0,26.9647
73,85,3,0,26.9647
73,85,4,0,26.9647
73,85,5,0,26.9647
73,85,6,0,26.9647
73,85,7,0,26.9647
73,85,8,0,26.9647
73,85,9,0,26.9647
73,85,10,0,26.9647
73,85,11,0,26.9647
73,85,12,0,26.9647
73,85,13,0,26.9647
73,85,14,0,26.9647
73,85,15,0,26.9647
73,85,16,0,26.9647
73,85,17,0,26.9647
73,85,18,0,26.9647
73,85,19,0,26.9647
73,85,20,0,26.9647
73,85,21,0,26.9647
73,85,22,0,26.9647
73,85,23,0,26.9647
73,85,24,0,26.9647
73,85,25,0,26.9647
73,85,26,0,26.9647
73,85,27,0,26.9647
73,85,28,0,26.9647
73,85,29,0,26.9647
73,85,30,0,26.9647
73,85,31,0,26.9647
73,85,32,0,26.9647
73,85,33,0,26.9647
73,85,34,0,26.9647
73,85,35,0,26.9647
73,85,36,0,26.9647
73,85,37,0,26.9647
73,85,38,0,26.9647
73,85,39,2292,26.9647
73,85,40,0,26.9647
73,85,41,0,26.9647
73,85,42,0,26.9647
73,85,43,0,26.9647
73,85,44,0,26.9647
73,85,45,0,26.9647
73,85,46,0,26.9647
73,85,47,0,26.9647
73,85,48,0,26.9647
73,85,49,0,26.9647
73,85,50,0,26.9647
73,85,51,0,26.9647
73,85,52,0,26.9647
73,85,53,0,26.9647
73,85,54,0,26.9647
73,85,55,0,26.9647
73,85,56,0,26.9647
73,85,57,0,26.9647
73,85,58,0,26.9647
73,85,59,0,26.9647
73,85,60,0,26.9647
73,85,61,0,26.9647
73,85,62,0,26.9647
73,85,63,0,26.9647
